[0.079s] DEBUG:colcon:Command line arguments: ['/usr/bin/colcon', 'build']
[0.079s] DEBUG:colcon:Parsed command line arguments: Namespace(log_base=None, log_level=None, verb_name='build', build_base='build', install_base='install', merge_install=False, symlink_install=False, test_result_base=None, continue_on_error=False, executor='parallel', parallel_workers=16, event_handlers=None, ignore_user_meta=False, metas=['./colcon.meta'], base_paths=['.'], packages_ignore=None, packages_ignore_regex=None, paths=None, packages_up_to=None, packages_up_to_regex=None, packages_above=None, packages_above_and_dependencies=None, packages_above_depth=None, packages_select_by_dep=None, packages_skip_by_dep=None, packages_skip_up_to=None, packages_select_build_failed=False, packages_skip_build_finished=False, packages_select_test_failures=False, packages_skip_test_passed=False, packages_select=None, packages_skip=None, packages_select_regex=None, packages_skip_regex=None, packages_start=None, packages_end=None, allow_overriding=[], cmake_args=None, cmake_target=None, cmake_target_skip_unavailable=False, cmake_clean_cache=False, cmake_clean_first=False, cmake_force_configure=False, ament_cmake_args=None, catkin_cmake_args=None, catkin_skip_building_tests=False, mixin_files=None, mixin=None, verb_parser=<colcon_mixin.mixin.mixin_argument.MixinArgumentDecorator object at 0x7f542f3e10d0>, verb_extension=<colcon_core.verb.build.BuildVerb object at 0x7f542f3e0f50>, main=<bound method BuildVerb.main of <colcon_core.verb.build.BuildVerb object at 0x7f542f3e0f50>>, mixin_verb=('build',))
[0.102s] Level 1:colcon.colcon_core.package_discovery:discover_packages(colcon_meta) check parameters
[0.102s] Level 1:colcon.colcon_core.package_discovery:discover_packages(recursive) check parameters
[0.102s] Level 1:colcon.colcon_core.package_discovery:discover_packages(ignore) check parameters
[0.102s] Level 1:colcon.colcon_core.package_discovery:discover_packages(path) check parameters
[0.102s] Level 1:colcon.colcon_core.package_discovery:discover_packages(colcon_meta) discover
[0.102s] Level 1:colcon.colcon_core.package_discovery:discover_packages(recursive) discover
[0.102s] INFO:colcon.colcon_core.package_discovery:Crawling recursively for packages in '/home/tm/git_ws/myrobot'
[0.102s] Level 1:colcon.colcon_core.package_identification:_identify(.) by extensions ['ignore', 'ignore_ament_install']
[0.102s] Level 1:colcon.colcon_core.package_identification:_identify(.) by extension 'ignore'
[0.102s] Level 1:colcon.colcon_core.package_identification:_identify(.) by extension 'ignore_ament_install'
[0.102s] Level 1:colcon.colcon_core.package_identification:_identify(.) by extensions ['colcon_pkg']
[0.102s] Level 1:colcon.colcon_core.package_identification:_identify(.) by extension 'colcon_pkg'
[0.102s] Level 1:colcon.colcon_core.package_identification:_identify(.) by extensions ['colcon_meta']
[0.102s] Level 1:colcon.colcon_core.package_identification:_identify(.) by extension 'colcon_meta'
[0.102s] Level 1:colcon.colcon_core.package_identification:_identify(.) by extensions ['ros']
[0.102s] Level 1:colcon.colcon_core.package_identification:_identify(.) by extension 'ros'
[0.119s] Level 1:colcon.colcon_core.package_identification:_identify(.) by extensions ['cmake', 'python']
[0.119s] Level 1:colcon.colcon_core.package_identification:_identify(.) by extension 'cmake'
[0.119s] Level 1:colcon.colcon_core.package_identification:_identify(.) by extension 'python'
[0.119s] Level 1:colcon.colcon_core.package_identification:_identify(.) by extensions ['python_setup_py']
[0.119s] Level 1:colcon.colcon_core.package_identification:_identify(.) by extension 'python_setup_py'
[0.119s] Level 1:colcon.colcon_core.package_identification:_identify(build) by extensions ['ignore', 'ignore_ament_install']
[0.119s] Level 1:colcon.colcon_core.package_identification:_identify(build) by extension 'ignore'
[0.119s] Level 1:colcon.colcon_core.package_identification:_identify(build) ignored
[0.119s] Level 1:colcon.colcon_core.package_identification:_identify(install) by extensions ['ignore', 'ignore_ament_install']
[0.119s] Level 1:colcon.colcon_core.package_identification:_identify(install) by extension 'ignore'
[0.119s] Level 1:colcon.colcon_core.package_identification:_identify(install) ignored
[0.119s] Level 1:colcon.colcon_core.package_identification:_identify(log) by extensions ['ignore', 'ignore_ament_install']
[0.120s] Level 1:colcon.colcon_core.package_identification:_identify(log) by extension 'ignore'
[0.120s] Level 1:colcon.colcon_core.package_identification:_identify(log) ignored
[0.120s] Level 1:colcon.colcon_core.package_identification:_identify(src) by extensions ['ignore', 'ignore_ament_install']
[0.120s] Level 1:colcon.colcon_core.package_identification:_identify(src) by extension 'ignore'
[0.120s] Level 1:colcon.colcon_core.package_identification:_identify(src) by extension 'ignore_ament_install'
[0.120s] Level 1:colcon.colcon_core.package_identification:_identify(src) by extensions ['colcon_pkg']
[0.120s] Level 1:colcon.colcon_core.package_identification:_identify(src) by extension 'colcon_pkg'
[0.120s] Level 1:colcon.colcon_core.package_identification:_identify(src) by extensions ['colcon_meta']
[0.120s] Level 1:colcon.colcon_core.package_identification:_identify(src) by extension 'colcon_meta'
[0.120s] Level 1:colcon.colcon_core.package_identification:_identify(src) by extensions ['ros']
[0.120s] Level 1:colcon.colcon_core.package_identification:_identify(src) by extension 'ros'
[0.120s] Level 1:colcon.colcon_core.package_identification:_identify(src) by extensions ['cmake', 'python']
[0.120s] Level 1:colcon.colcon_core.package_identification:_identify(src) by extension 'cmake'
[0.120s] Level 1:colcon.colcon_core.package_identification:_identify(src) by extension 'python'
[0.120s] Level 1:colcon.colcon_core.package_identification:_identify(src) by extensions ['python_setup_py']
[0.120s] Level 1:colcon.colcon_core.package_identification:_identify(src) by extension 'python_setup_py'
[0.120s] Level 1:colcon.colcon_core.package_identification:_identify(src/my_odom_pkg) by extensions ['ignore', 'ignore_ament_install']
[0.120s] Level 1:colcon.colcon_core.package_identification:_identify(src/my_odom_pkg) by extension 'ignore'
[0.120s] Level 1:colcon.colcon_core.package_identification:_identify(src/my_odom_pkg) by extension 'ignore_ament_install'
[0.120s] Level 1:colcon.colcon_core.package_identification:_identify(src/my_odom_pkg) by extensions ['colcon_pkg']
[0.120s] Level 1:colcon.colcon_core.package_identification:_identify(src/my_odom_pkg) by extension 'colcon_pkg'
[0.120s] Level 1:colcon.colcon_core.package_identification:_identify(src/my_odom_pkg) by extensions ['colcon_meta']
[0.120s] Level 1:colcon.colcon_core.package_identification:_identify(src/my_odom_pkg) by extension 'colcon_meta'
[0.120s] Level 1:colcon.colcon_core.package_identification:_identify(src/my_odom_pkg) by extensions ['ros']
[0.120s] Level 1:colcon.colcon_core.package_identification:_identify(src/my_odom_pkg) by extension 'ros'
[0.122s] DEBUG:colcon.colcon_core.package_identification:Package 'src/my_odom_pkg' with type 'ros.ament_python' and name 'my_odom_pkg'
[0.123s] Level 1:colcon.colcon_core.package_identification:_identify(src/myrobot) by extensions ['ignore', 'ignore_ament_install']
[0.123s] Level 1:colcon.colcon_core.package_identification:_identify(src/myrobot) by extension 'ignore'
[0.123s] Level 1:colcon.colcon_core.package_identification:_identify(src/myrobot) by extension 'ignore_ament_install'
[0.123s] Level 1:colcon.colcon_core.package_identification:_identify(src/myrobot) by extensions ['colcon_pkg']
[0.123s] Level 1:colcon.colcon_core.package_identification:_identify(src/myrobot) by extension 'colcon_pkg'
[0.123s] Level 1:colcon.colcon_core.package_identification:_identify(src/myrobot) by extensions ['colcon_meta']
[0.123s] Level 1:colcon.colcon_core.package_identification:_identify(src/myrobot) by extension 'colcon_meta'
[0.123s] Level 1:colcon.colcon_core.package_identification:_identify(src/myrobot) by extensions ['ros']
[0.123s] Level 1:colcon.colcon_core.package_identification:_identify(src/myrobot) by extension 'ros'
[0.123s] DEBUG:colcon.colcon_core.package_identification:Package 'src/myrobot' with type 'ros.ament_cmake' and name 'myrobot'
[0.123s] Level 1:colcon.colcon_core.package_identification:_identify(src/myrobot_behavior_tree) by extensions ['ignore', 'ignore_ament_install']
[0.123s] Level 1:colcon.colcon_core.package_identification:_identify(src/myrobot_behavior_tree) by extension 'ignore'
[0.123s] Level 1:colcon.colcon_core.package_identification:_identify(src/myrobot_behavior_tree) by extension 'ignore_ament_install'
[0.123s] Level 1:colcon.colcon_core.package_identification:_identify(src/myrobot_behavior_tree) by extensions ['colcon_pkg']
[0.123s] Level 1:colcon.colcon_core.package_identification:_identify(src/myrobot_behavior_tree) by extension 'colcon_pkg'
[0.123s] Level 1:colcon.colcon_core.package_identification:_identify(src/myrobot_behavior_tree) by extensions ['colcon_meta']
[0.123s] Level 1:colcon.colcon_core.package_identification:_identify(src/myrobot_behavior_tree) by extension 'colcon_meta'
[0.123s] Level 1:colcon.colcon_core.package_identification:_identify(src/myrobot_behavior_tree) by extensions ['ros']
[0.123s] Level 1:colcon.colcon_core.package_identification:_identify(src/myrobot_behavior_tree) by extension 'ros'
[0.124s] DEBUG:colcon.colcon_core.package_identification:Package 'src/myrobot_behavior_tree' with type 'ros.ament_cmake' and name 'myrobot_behavior_tree'
[0.124s] Level 1:colcon.colcon_core.package_identification:_identify(src/myrobot_cartographer) by extensions ['ignore', 'ignore_ament_install']
[0.124s] Level 1:colcon.colcon_core.package_identification:_identify(src/myrobot_cartographer) by extension 'ignore'
[0.124s] Level 1:colcon.colcon_core.package_identification:_identify(src/myrobot_cartographer) by extension 'ignore_ament_install'
[0.124s] Level 1:colcon.colcon_core.package_identification:_identify(src/myrobot_cartographer) by extensions ['colcon_pkg']
[0.124s] Level 1:colcon.colcon_core.package_identification:_identify(src/myrobot_cartographer) by extension 'colcon_pkg'
[0.124s] Level 1:colcon.colcon_core.package_identification:_identify(src/myrobot_cartographer) by extensions ['colcon_meta']
[0.124s] Level 1:colcon.colcon_core.package_identification:_identify(src/myrobot_cartographer) by extension 'colcon_meta'
[0.124s] Level 1:colcon.colcon_core.package_identification:_identify(src/myrobot_cartographer) by extensions ['ros']
[0.124s] Level 1:colcon.colcon_core.package_identification:_identify(src/myrobot_cartographer) by extension 'ros'
[0.124s] DEBUG:colcon.colcon_core.package_identification:Package 'src/myrobot_cartographer' with type 'ros.ament_cmake' and name 'myrobot_cartographer'
[0.124s] Level 1:colcon.colcon_core.package_identification:_identify(src/myrobot_description) by extensions ['ignore', 'ignore_ament_install']
[0.124s] Level 1:colcon.colcon_core.package_identification:_identify(src/myrobot_description) by extension 'ignore'
[0.124s] Level 1:colcon.colcon_core.package_identification:_identify(src/myrobot_description) by extension 'ignore_ament_install'
[0.124s] Level 1:colcon.colcon_core.package_identification:_identify(src/myrobot_description) by extensions ['colcon_pkg']
[0.124s] Level 1:colcon.colcon_core.package_identification:_identify(src/myrobot_description) by extension 'colcon_pkg'
[0.124s] Level 1:colcon.colcon_core.package_identification:_identify(src/myrobot_description) by extensions ['colcon_meta']
[0.124s] Level 1:colcon.colcon_core.package_identification:_identify(src/myrobot_description) by extension 'colcon_meta'
[0.124s] Level 1:colcon.colcon_core.package_identification:_identify(src/myrobot_description) by extensions ['ros']
[0.124s] Level 1:colcon.colcon_core.package_identification:_identify(src/myrobot_description) by extension 'ros'
[0.125s] DEBUG:colcon.colcon_core.package_identification:Package 'src/myrobot_description' with type 'ros.ament_cmake' and name 'myrobot_description'
[0.125s] Level 1:colcon.colcon_core.package_identification:_identify(src/myrobot_interfaces) by extensions ['ignore', 'ignore_ament_install']
[0.125s] Level 1:colcon.colcon_core.package_identification:_identify(src/myrobot_interfaces) by extension 'ignore'
[0.125s] Level 1:colcon.colcon_core.package_identification:_identify(src/myrobot_interfaces) by extension 'ignore_ament_install'
[0.125s] Level 1:colcon.colcon_core.package_identification:_identify(src/myrobot_interfaces) by extensions ['colcon_pkg']
[0.125s] Level 1:colcon.colcon_core.package_identification:_identify(src/myrobot_interfaces) by extension 'colcon_pkg'
[0.125s] Level 1:colcon.colcon_core.package_identification:_identify(src/myrobot_interfaces) by extensions ['colcon_meta']
[0.125s] Level 1:colcon.colcon_core.package_identification:_identify(src/myrobot_interfaces) by extension 'colcon_meta'
[0.125s] Level 1:colcon.colcon_core.package_identification:_identify(src/myrobot_interfaces) by extensions ['ros']
[0.125s] Level 1:colcon.colcon_core.package_identification:_identify(src/myrobot_interfaces) by extension 'ros'
[0.125s] DEBUG:colcon.colcon_core.package_identification:Package 'src/myrobot_interfaces' with type 'ros.ament_cmake' and name 'myrobot_interfaces'
[0.125s] Level 1:colcon.colcon_core.package_identification:_identify(src/myrobot_navigation) by extensions ['ignore', 'ignore_ament_install']
[0.125s] Level 1:colcon.colcon_core.package_identification:_identify(src/myrobot_navigation) by extension 'ignore'
[0.125s] Level 1:colcon.colcon_core.package_identification:_identify(src/myrobot_navigation) by extension 'ignore_ament_install'
[0.125s] Level 1:colcon.colcon_core.package_identification:_identify(src/myrobot_navigation) by extensions ['colcon_pkg']
[0.125s] Level 1:colcon.colcon_core.package_identification:_identify(src/myrobot_navigation) by extension 'colcon_pkg'
[0.125s] Level 1:colcon.colcon_core.package_identification:_identify(src/myrobot_navigation) by extensions ['colcon_meta']
[0.125s] Level 1:colcon.colcon_core.package_identification:_identify(src/myrobot_navigation) by extension 'colcon_meta'
[0.125s] Level 1:colcon.colcon_core.package_identification:_identify(src/myrobot_navigation) by extensions ['ros']
[0.125s] Level 1:colcon.colcon_core.package_identification:_identify(src/myrobot_navigation) by extension 'ros'
[0.126s] DEBUG:colcon.colcon_core.package_identification:Package 'src/myrobot_navigation' with type 'ros.ament_cmake' and name 'myrobot_navigation'
[0.126s] Level 1:colcon.colcon_core.package_identification:_identify(src/place_nav) by extensions ['ignore', 'ignore_ament_install']
[0.126s] Level 1:colcon.colcon_core.package_identification:_identify(src/place_nav) by extension 'ignore'
[0.126s] Level 1:colcon.colcon_core.package_identification:_identify(src/place_nav) by extension 'ignore_ament_install'
[0.126s] Level 1:colcon.colcon_core.package_identification:_identify(src/place_nav) by extensions ['colcon_pkg']
[0.126s] Level 1:colcon.colcon_core.package_identification:_identify(src/place_nav) by extension 'colcon_pkg'
[0.126s] Level 1:colcon.colcon_core.package_identification:_identify(src/place_nav) by extensions ['colcon_meta']
[0.126s] Level 1:colcon.colcon_core.package_identification:_identify(src/place_nav) by extension 'colcon_meta'
[0.126s] Level 1:colcon.colcon_core.package_identification:_identify(src/place_nav) by extensions ['ros']
[0.126s] Level 1:colcon.colcon_core.package_identification:_identify(src/place_nav) by extension 'ros'
[0.126s] DEBUG:colcon.colcon_core.package_identification:Package 'src/place_nav' with type 'ros.ament_cmake' and name 'place_nav'
[0.126s] Level 1:colcon.colcon_core.package_identification:_identify(src/user_gui) by extensions ['ignore', 'ignore_ament_install']
[0.126s] Level 1:colcon.colcon_core.package_identification:_identify(src/user_gui) by extension 'ignore'
[0.126s] Level 1:colcon.colcon_core.package_identification:_identify(src/user_gui) by extension 'ignore_ament_install'
[0.126s] Level 1:colcon.colcon_core.package_identification:_identify(src/user_gui) by extensions ['colcon_pkg']
[0.126s] Level 1:colcon.colcon_core.package_identification:_identify(src/user_gui) by extension 'colcon_pkg'
[0.126s] Level 1:colcon.colcon_core.package_identification:_identify(src/user_gui) by extensions ['colcon_meta']
[0.126s] Level 1:colcon.colcon_core.package_identification:_identify(src/user_gui) by extension 'colcon_meta'
[0.126s] Level 1:colcon.colcon_core.package_identification:_identify(src/user_gui) by extensions ['ros']
[0.126s] Level 1:colcon.colcon_core.package_identification:_identify(src/user_gui) by extension 'ros'
[0.127s] DEBUG:colcon.colcon_core.package_identification:Package 'src/user_gui' with type 'ros.ament_cmake' and name 'user_gui'
[0.127s] Level 1:colcon.colcon_core.package_discovery:discover_packages(recursive) using defaults
[0.127s] Level 1:colcon.colcon_core.package_discovery:discover_packages(ignore) discover
[0.127s] Level 1:colcon.colcon_core.package_discovery:discover_packages(ignore) using defaults
[0.127s] Level 1:colcon.colcon_core.package_discovery:discover_packages(path) discover
[0.127s] Level 1:colcon.colcon_core.package_discovery:discover_packages(path) using defaults
[0.139s] Level 1:colcon.colcon_core.package_discovery:discover_packages(prefix_path) check parameters
[0.139s] Level 1:colcon.colcon_core.package_discovery:discover_packages(prefix_path) discover
[0.142s] DEBUG:colcon.colcon_installed_package_information.package_discovery:Found 454 installed packages in /opt/ros/jazzy
[0.142s] Level 1:colcon.colcon_core.package_discovery:discover_packages(prefix_path) using defaults
[0.174s] Level 5:colcon.colcon_core.verb:set package 'my_odom_pkg' build argument 'cmake_args' from command line to 'None'
[0.174s] Level 5:colcon.colcon_core.verb:set package 'my_odom_pkg' build argument 'cmake_target' from command line to 'None'
[0.174s] Level 5:colcon.colcon_core.verb:set package 'my_odom_pkg' build argument 'cmake_target_skip_unavailable' from command line to 'False'
[0.174s] Level 5:colcon.colcon_core.verb:set package 'my_odom_pkg' build argument 'cmake_clean_cache' from command line to 'False'
[0.174s] Level 5:colcon.colcon_core.verb:set package 'my_odom_pkg' build argument 'cmake_clean_first' from command line to 'False'
[0.174s] Level 5:colcon.colcon_core.verb:set package 'my_odom_pkg' build argument 'cmake_force_configure' from command line to 'False'
[0.174s] Level 5:colcon.colcon_core.verb:set package 'my_odom_pkg' build argument 'ament_cmake_args' from command line to 'None'
[0.174s] Level 5:colcon.colcon_core.verb:set package 'my_odom_pkg' build argument 'catkin_cmake_args' from command line to 'None'
[0.174s] Level 5:colcon.colcon_core.verb:set package 'my_odom_pkg' build argument 'catkin_skip_building_tests' from command line to 'False'
[0.174s] DEBUG:colcon.colcon_core.verb:Building package 'my_odom_pkg' with the following arguments: {'ament_cmake_args': None, 'build_base': '/home/tm/git_ws/myrobot/build/my_odom_pkg', 'catkin_cmake_args': None, 'catkin_skip_building_tests': False, 'cmake_args': None, 'cmake_clean_cache': False, 'cmake_clean_first': False, 'cmake_force_configure': False, 'cmake_target': None, 'cmake_target_skip_unavailable': False, 'install_base': '/home/tm/git_ws/myrobot/install/my_odom_pkg', 'merge_install': False, 'path': '/home/tm/git_ws/myrobot/src/my_odom_pkg', 'symlink_install': False, 'test_result_base': None}
[0.175s] Level 5:colcon.colcon_core.verb:set package 'myrobot' build argument 'cmake_args' from command line to 'None'
[0.175s] Level 5:colcon.colcon_core.verb:set package 'myrobot' build argument 'cmake_target' from command line to 'None'
[0.175s] Level 5:colcon.colcon_core.verb:set package 'myrobot' build argument 'cmake_target_skip_unavailable' from command line to 'False'
[0.175s] Level 5:colcon.colcon_core.verb:set package 'myrobot' build argument 'cmake_clean_cache' from command line to 'False'
[0.175s] Level 5:colcon.colcon_core.verb:set package 'myrobot' build argument 'cmake_clean_first' from command line to 'False'
[0.175s] Level 5:colcon.colcon_core.verb:set package 'myrobot' build argument 'cmake_force_configure' from command line to 'False'
[0.175s] Level 5:colcon.colcon_core.verb:set package 'myrobot' build argument 'ament_cmake_args' from command line to 'None'
[0.175s] Level 5:colcon.colcon_core.verb:set package 'myrobot' build argument 'catkin_cmake_args' from command line to 'None'
[0.175s] Level 5:colcon.colcon_core.verb:set package 'myrobot' build argument 'catkin_skip_building_tests' from command line to 'False'
[0.175s] DEBUG:colcon.colcon_core.verb:Building package 'myrobot' with the following arguments: {'ament_cmake_args': None, 'build_base': '/home/tm/git_ws/myrobot/build/myrobot', 'catkin_cmake_args': None, 'catkin_skip_building_tests': False, 'cmake_args': None, 'cmake_clean_cache': False, 'cmake_clean_first': False, 'cmake_force_configure': False, 'cmake_target': None, 'cmake_target_skip_unavailable': False, 'install_base': '/home/tm/git_ws/myrobot/install/myrobot', 'merge_install': False, 'path': '/home/tm/git_ws/myrobot/src/myrobot', 'symlink_install': False, 'test_result_base': None}
[0.175s] Level 5:colcon.colcon_core.verb:set package 'myrobot_behavior_tree' build argument 'cmake_args' from command line to 'None'
[0.175s] Level 5:colcon.colcon_core.verb:set package 'myrobot_behavior_tree' build argument 'cmake_target' from command line to 'None'
[0.175s] Level 5:colcon.colcon_core.verb:set package 'myrobot_behavior_tree' build argument 'cmake_target_skip_unavailable' from command line to 'False'
[0.175s] Level 5:colcon.colcon_core.verb:set package 'myrobot_behavior_tree' build argument 'cmake_clean_cache' from command line to 'False'
[0.175s] Level 5:colcon.colcon_core.verb:set package 'myrobot_behavior_tree' build argument 'cmake_clean_first' from command line to 'False'
[0.175s] Level 5:colcon.colcon_core.verb:set package 'myrobot_behavior_tree' build argument 'cmake_force_configure' from command line to 'False'
[0.175s] Level 5:colcon.colcon_core.verb:set package 'myrobot_behavior_tree' build argument 'ament_cmake_args' from command line to 'None'
[0.175s] Level 5:colcon.colcon_core.verb:set package 'myrobot_behavior_tree' build argument 'catkin_cmake_args' from command line to 'None'
[0.175s] Level 5:colcon.colcon_core.verb:set package 'myrobot_behavior_tree' build argument 'catkin_skip_building_tests' from command line to 'False'
[0.175s] DEBUG:colcon.colcon_core.verb:Building package 'myrobot_behavior_tree' with the following arguments: {'ament_cmake_args': None, 'build_base': '/home/tm/git_ws/myrobot/build/myrobot_behavior_tree', 'catkin_cmake_args': None, 'catkin_skip_building_tests': False, 'cmake_args': None, 'cmake_clean_cache': False, 'cmake_clean_first': False, 'cmake_force_configure': False, 'cmake_target': None, 'cmake_target_skip_unavailable': False, 'install_base': '/home/tm/git_ws/myrobot/install/myrobot_behavior_tree', 'merge_install': False, 'path': '/home/tm/git_ws/myrobot/src/myrobot_behavior_tree', 'symlink_install': False, 'test_result_base': None}
[0.175s] Level 5:colcon.colcon_core.verb:set package 'myrobot_cartographer' build argument 'cmake_args' from command line to 'None'
[0.175s] Level 5:colcon.colcon_core.verb:set package 'myrobot_cartographer' build argument 'cmake_target' from command line to 'None'
[0.175s] Level 5:colcon.colcon_core.verb:set package 'myrobot_cartographer' build argument 'cmake_target_skip_unavailable' from command line to 'False'
[0.175s] Level 5:colcon.colcon_core.verb:set package 'myrobot_cartographer' build argument 'cmake_clean_cache' from command line to 'False'
[0.175s] Level 5:colcon.colcon_core.verb:set package 'myrobot_cartographer' build argument 'cmake_clean_first' from command line to 'False'
[0.175s] Level 5:colcon.colcon_core.verb:set package 'myrobot_cartographer' build argument 'cmake_force_configure' from command line to 'False'
[0.175s] Level 5:colcon.colcon_core.verb:set package 'myrobot_cartographer' build argument 'ament_cmake_args' from command line to 'None'
[0.175s] Level 5:colcon.colcon_core.verb:set package 'myrobot_cartographer' build argument 'catkin_cmake_args' from command line to 'None'
[0.175s] Level 5:colcon.colcon_core.verb:set package 'myrobot_cartographer' build argument 'catkin_skip_building_tests' from command line to 'False'
[0.175s] DEBUG:colcon.colcon_core.verb:Building package 'myrobot_cartographer' with the following arguments: {'ament_cmake_args': None, 'build_base': '/home/tm/git_ws/myrobot/build/myrobot_cartographer', 'catkin_cmake_args': None, 'catkin_skip_building_tests': False, 'cmake_args': None, 'cmake_clean_cache': False, 'cmake_clean_first': False, 'cmake_force_configure': False, 'cmake_target': None, 'cmake_target_skip_unavailable': False, 'install_base': '/home/tm/git_ws/myrobot/install/myrobot_cartographer', 'merge_install': False, 'path': '/home/tm/git_ws/myrobot/src/myrobot_cartographer', 'symlink_install': False, 'test_result_base': None}
[0.175s] Level 5:colcon.colcon_core.verb:set package 'myrobot_description' build argument 'cmake_args' from command line to 'None'
[0.175s] Level 5:colcon.colcon_core.verb:set package 'myrobot_description' build argument 'cmake_target' from command line to 'None'
[0.175s] Level 5:colcon.colcon_core.verb:set package 'myrobot_description' build argument 'cmake_target_skip_unavailable' from command line to 'False'
[0.175s] Level 5:colcon.colcon_core.verb:set package 'myrobot_description' build argument 'cmake_clean_cache' from command line to 'False'
[0.175s] Level 5:colcon.colcon_core.verb:set package 'myrobot_description' build argument 'cmake_clean_first' from command line to 'False'
[0.175s] Level 5:colcon.colcon_core.verb:set package 'myrobot_description' build argument 'cmake_force_configure' from command line to 'False'
[0.175s] Level 5:colcon.colcon_core.verb:set package 'myrobot_description' build argument 'ament_cmake_args' from command line to 'None'
[0.175s] Level 5:colcon.colcon_core.verb:set package 'myrobot_description' build argument 'catkin_cmake_args' from command line to 'None'
[0.175s] Level 5:colcon.colcon_core.verb:set package 'myrobot_description' build argument 'catkin_skip_building_tests' from command line to 'False'
[0.175s] DEBUG:colcon.colcon_core.verb:Building package 'myrobot_description' with the following arguments: {'ament_cmake_args': None, 'build_base': '/home/tm/git_ws/myrobot/build/myrobot_description', 'catkin_cmake_args': None, 'catkin_skip_building_tests': False, 'cmake_args': None, 'cmake_clean_cache': False, 'cmake_clean_first': False, 'cmake_force_configure': False, 'cmake_target': None, 'cmake_target_skip_unavailable': False, 'install_base': '/home/tm/git_ws/myrobot/install/myrobot_description', 'merge_install': False, 'path': '/home/tm/git_ws/myrobot/src/myrobot_description', 'symlink_install': False, 'test_result_base': None}
[0.175s] Level 5:colcon.colcon_core.verb:set package 'myrobot_interfaces' build argument 'cmake_args' from command line to 'None'
[0.175s] Level 5:colcon.colcon_core.verb:set package 'myrobot_interfaces' build argument 'cmake_target' from command line to 'None'
[0.175s] Level 5:colcon.colcon_core.verb:set package 'myrobot_interfaces' build argument 'cmake_target_skip_unavailable' from command line to 'False'
[0.175s] Level 5:colcon.colcon_core.verb:set package 'myrobot_interfaces' build argument 'cmake_clean_cache' from command line to 'False'
[0.175s] Level 5:colcon.colcon_core.verb:set package 'myrobot_interfaces' build argument 'cmake_clean_first' from command line to 'False'
[0.175s] Level 5:colcon.colcon_core.verb:set package 'myrobot_interfaces' build argument 'cmake_force_configure' from command line to 'False'
[0.175s] Level 5:colcon.colcon_core.verb:set package 'myrobot_interfaces' build argument 'ament_cmake_args' from command line to 'None'
[0.175s] Level 5:colcon.colcon_core.verb:set package 'myrobot_interfaces' build argument 'catkin_cmake_args' from command line to 'None'
[0.175s] Level 5:colcon.colcon_core.verb:set package 'myrobot_interfaces' build argument 'catkin_skip_building_tests' from command line to 'False'
[0.175s] DEBUG:colcon.colcon_core.verb:Building package 'myrobot_interfaces' with the following arguments: {'ament_cmake_args': None, 'build_base': '/home/tm/git_ws/myrobot/build/myrobot_interfaces', 'catkin_cmake_args': None, 'catkin_skip_building_tests': False, 'cmake_args': None, 'cmake_clean_cache': False, 'cmake_clean_first': False, 'cmake_force_configure': False, 'cmake_target': None, 'cmake_target_skip_unavailable': False, 'install_base': '/home/tm/git_ws/myrobot/install/myrobot_interfaces', 'merge_install': False, 'path': '/home/tm/git_ws/myrobot/src/myrobot_interfaces', 'symlink_install': False, 'test_result_base': None}
[0.176s] Level 5:colcon.colcon_core.verb:set package 'myrobot_navigation' build argument 'cmake_args' from command line to 'None'
[0.176s] Level 5:colcon.colcon_core.verb:set package 'myrobot_navigation' build argument 'cmake_target' from command line to 'None'
[0.176s] Level 5:colcon.colcon_core.verb:set package 'myrobot_navigation' build argument 'cmake_target_skip_unavailable' from command line to 'False'
[0.176s] Level 5:colcon.colcon_core.verb:set package 'myrobot_navigation' build argument 'cmake_clean_cache' from command line to 'False'
[0.176s] Level 5:colcon.colcon_core.verb:set package 'myrobot_navigation' build argument 'cmake_clean_first' from command line to 'False'
[0.176s] Level 5:colcon.colcon_core.verb:set package 'myrobot_navigation' build argument 'cmake_force_configure' from command line to 'False'
[0.176s] Level 5:colcon.colcon_core.verb:set package 'myrobot_navigation' build argument 'ament_cmake_args' from command line to 'None'
[0.176s] Level 5:colcon.colcon_core.verb:set package 'myrobot_navigation' build argument 'catkin_cmake_args' from command line to 'None'
[0.176s] Level 5:colcon.colcon_core.verb:set package 'myrobot_navigation' build argument 'catkin_skip_building_tests' from command line to 'False'
[0.176s] DEBUG:colcon.colcon_core.verb:Building package 'myrobot_navigation' with the following arguments: {'ament_cmake_args': None, 'build_base': '/home/tm/git_ws/myrobot/build/myrobot_navigation', 'catkin_cmake_args': None, 'catkin_skip_building_tests': False, 'cmake_args': None, 'cmake_clean_cache': False, 'cmake_clean_first': False, 'cmake_force_configure': False, 'cmake_target': None, 'cmake_target_skip_unavailable': False, 'install_base': '/home/tm/git_ws/myrobot/install/myrobot_navigation', 'merge_install': False, 'path': '/home/tm/git_ws/myrobot/src/myrobot_navigation', 'symlink_install': False, 'test_result_base': None}
[0.176s] Level 5:colcon.colcon_core.verb:set package 'user_gui' build argument 'cmake_args' from command line to 'None'
[0.176s] Level 5:colcon.colcon_core.verb:set package 'user_gui' build argument 'cmake_target' from command line to 'None'
[0.176s] Level 5:colcon.colcon_core.verb:set package 'user_gui' build argument 'cmake_target_skip_unavailable' from command line to 'False'
[0.176s] Level 5:colcon.colcon_core.verb:set package 'user_gui' build argument 'cmake_clean_cache' from command line to 'False'
[0.176s] Level 5:colcon.colcon_core.verb:set package 'user_gui' build argument 'cmake_clean_first' from command line to 'False'
[0.176s] Level 5:colcon.colcon_core.verb:set package 'user_gui' build argument 'cmake_force_configure' from command line to 'False'
[0.176s] Level 5:colcon.colcon_core.verb:set package 'user_gui' build argument 'ament_cmake_args' from command line to 'None'
[0.176s] Level 5:colcon.colcon_core.verb:set package 'user_gui' build argument 'catkin_cmake_args' from command line to 'None'
[0.176s] Level 5:colcon.colcon_core.verb:set package 'user_gui' build argument 'catkin_skip_building_tests' from command line to 'False'
[0.176s] DEBUG:colcon.colcon_core.verb:Building package 'user_gui' with the following arguments: {'ament_cmake_args': None, 'build_base': '/home/tm/git_ws/myrobot/build/user_gui', 'catkin_cmake_args': None, 'catkin_skip_building_tests': False, 'cmake_args': None, 'cmake_clean_cache': False, 'cmake_clean_first': False, 'cmake_force_configure': False, 'cmake_target': None, 'cmake_target_skip_unavailable': False, 'install_base': '/home/tm/git_ws/myrobot/install/user_gui', 'merge_install': False, 'path': '/home/tm/git_ws/myrobot/src/user_gui', 'symlink_install': False, 'test_result_base': None}
[0.176s] Level 5:colcon.colcon_core.verb:set package 'place_nav' build argument 'cmake_args' from command line to 'None'
[0.176s] Level 5:colcon.colcon_core.verb:set package 'place_nav' build argument 'cmake_target' from command line to 'None'
[0.176s] Level 5:colcon.colcon_core.verb:set package 'place_nav' build argument 'cmake_target_skip_unavailable' from command line to 'False'
[0.176s] Level 5:colcon.colcon_core.verb:set package 'place_nav' build argument 'cmake_clean_cache' from command line to 'False'
[0.176s] Level 5:colcon.colcon_core.verb:set package 'place_nav' build argument 'cmake_clean_first' from command line to 'False'
[0.176s] Level 5:colcon.colcon_core.verb:set package 'place_nav' build argument 'cmake_force_configure' from command line to 'False'
[0.176s] Level 5:colcon.colcon_core.verb:set package 'place_nav' build argument 'ament_cmake_args' from command line to 'None'
[0.176s] Level 5:colcon.colcon_core.verb:set package 'place_nav' build argument 'catkin_cmake_args' from command line to 'None'
[0.176s] Level 5:colcon.colcon_core.verb:set package 'place_nav' build argument 'catkin_skip_building_tests' from command line to 'False'
[0.176s] DEBUG:colcon.colcon_core.verb:Building package 'place_nav' with the following arguments: {'ament_cmake_args': None, 'build_base': '/home/tm/git_ws/myrobot/build/place_nav', 'catkin_cmake_args': None, 'catkin_skip_building_tests': False, 'cmake_args': None, 'cmake_clean_cache': False, 'cmake_clean_first': False, 'cmake_force_configure': False, 'cmake_target': None, 'cmake_target_skip_unavailable': False, 'install_base': '/home/tm/git_ws/myrobot/install/place_nav', 'merge_install': False, 'path': '/home/tm/git_ws/myrobot/src/place_nav', 'symlink_install': False, 'test_result_base': None}
[0.176s] INFO:colcon.colcon_core.executor:Executing jobs using 'parallel' executor
[0.177s] DEBUG:colcon.colcon_parallel_executor.executor.parallel:run_until_complete
[0.177s] INFO:colcon.colcon_ros.task.ament_cmake.build:Building ROS package in '/home/tm/git_ws/myrobot/src/myrobot_interfaces' with build type 'ament_cmake'
[0.177s] INFO:colcon.colcon_cmake.task.cmake.build:Building CMake package in '/home/tm/git_ws/myrobot/src/myrobot_interfaces'
[0.179s] INFO:colcon.colcon_core.plugin_system:Skipping extension 'colcon_core.shell.bat': Not used on non-Windows systems
[0.179s] INFO:colcon.colcon_core.shell:Skip shell extension 'powershell' for command environment: Not usable outside of PowerShell
[0.179s] DEBUG:colcon.colcon_core.shell:Skip shell extension 'dsv' for command environment
[0.182s] INFO:colcon.colcon_ros.task.ament_python.build:Building ROS package in '/home/tm/git_ws/myrobot/src/my_odom_pkg' with build type 'ament_python'
[0.182s] Level 1:colcon.colcon_core.shell:create_environment_hook('my_odom_pkg', 'ament_prefix_path')
[0.182s] INFO:colcon.colcon_core.shell:Creating environment hook '/home/tm/git_ws/myrobot/install/my_odom_pkg/share/my_odom_pkg/hook/ament_prefix_path.ps1'
[0.182s] INFO:colcon.colcon_core.shell:Creating environment descriptor '/home/tm/git_ws/myrobot/install/my_odom_pkg/share/my_odom_pkg/hook/ament_prefix_path.dsv'
[0.183s] INFO:colcon.colcon_core.shell:Creating environment hook '/home/tm/git_ws/myrobot/install/my_odom_pkg/share/my_odom_pkg/hook/ament_prefix_path.sh'
[0.183s] INFO:colcon.colcon_core.shell:Skip shell extension 'powershell' for command environment: Not usable outside of PowerShell
[0.183s] DEBUG:colcon.colcon_core.shell:Skip shell extension 'dsv' for command environment
[0.186s] INFO:colcon.colcon_ros.task.ament_cmake.build:Building ROS package in '/home/tm/git_ws/myrobot/src/myrobot' with build type 'ament_cmake'
[0.186s] INFO:colcon.colcon_cmake.task.cmake.build:Building CMake package in '/home/tm/git_ws/myrobot/src/myrobot'
[0.186s] INFO:colcon.colcon_core.shell:Skip shell extension 'powershell' for command environment: Not usable outside of PowerShell
[0.186s] DEBUG:colcon.colcon_core.shell:Skip shell extension 'dsv' for command environment
[0.189s] INFO:colcon.colcon_ros.task.ament_cmake.build:Building ROS package in '/home/tm/git_ws/myrobot/src/myrobot_behavior_tree' with build type 'ament_cmake'
[0.189s] INFO:colcon.colcon_cmake.task.cmake.build:Building CMake package in '/home/tm/git_ws/myrobot/src/myrobot_behavior_tree'
[0.190s] INFO:colcon.colcon_core.shell:Skip shell extension 'powershell' for command environment: Not usable outside of PowerShell
[0.190s] DEBUG:colcon.colcon_core.shell:Skip shell extension 'dsv' for command environment
[0.192s] INFO:colcon.colcon_ros.task.ament_cmake.build:Building ROS package in '/home/tm/git_ws/myrobot/src/myrobot_cartographer' with build type 'ament_cmake'
[0.192s] INFO:colcon.colcon_cmake.task.cmake.build:Building CMake package in '/home/tm/git_ws/myrobot/src/myrobot_cartographer'
[0.192s] INFO:colcon.colcon_core.shell:Skip shell extension 'powershell' for command environment: Not usable outside of PowerShell
[0.192s] DEBUG:colcon.colcon_core.shell:Skip shell extension 'dsv' for command environment
[0.195s] INFO:colcon.colcon_ros.task.ament_cmake.build:Building ROS package in '/home/tm/git_ws/myrobot/src/myrobot_description' with build type 'ament_cmake'
[0.195s] INFO:colcon.colcon_cmake.task.cmake.build:Building CMake package in '/home/tm/git_ws/myrobot/src/myrobot_description'
[0.195s] INFO:colcon.colcon_core.shell:Skip shell extension 'powershell' for command environment: Not usable outside of PowerShell
[0.195s] DEBUG:colcon.colcon_core.shell:Skip shell extension 'dsv' for command environment
[0.219s] INFO:colcon.colcon_ros.task.ament_cmake.build:Building ROS package in '/home/tm/git_ws/myrobot/src/myrobot_navigation' with build type 'ament_cmake'
[0.220s] INFO:colcon.colcon_cmake.task.cmake.build:Building CMake package in '/home/tm/git_ws/myrobot/src/myrobot_navigation'
[0.220s] INFO:colcon.colcon_core.shell:Skip shell extension 'powershell' for command environment: Not usable outside of PowerShell
[0.220s] DEBUG:colcon.colcon_core.shell:Skip shell extension 'dsv' for command environment
[0.223s] INFO:colcon.colcon_ros.task.ament_cmake.build:Building ROS package in '/home/tm/git_ws/myrobot/src/user_gui' with build type 'ament_cmake'
[0.223s] INFO:colcon.colcon_cmake.task.cmake.build:Building CMake package in '/home/tm/git_ws/myrobot/src/user_gui'
[0.223s] INFO:colcon.colcon_core.shell:Skip shell extension 'powershell' for command environment: Not usable outside of PowerShell
[0.223s] DEBUG:colcon.colcon_core.shell:Skip shell extension 'dsv' for command environment
[0.239s] DEBUG:colcon.colcon_core.event_handler.log_command:Invoking command in '/home/tm/git_ws/myrobot/build/myrobot_interfaces': CMAKE_PREFIX_PATH=${CMAKE_PREFIX_PATH}:/opt/ros/jazzy DEBUGINFOD_URLS=https://debuginfod.ubuntu.com VIRTUAL_ENV_PROMPT=(ros) /usr/bin/cmake --build /home/tm/git_ws/myrobot/build/myrobot_interfaces -- -j16 -l16
[0.390s] INFO:colcon.colcon_core.task.python.build:Building Python package in '/home/tm/git_ws/myrobot/src/my_odom_pkg'
[0.390s] INFO:colcon.colcon_core.shell:Skip shell extension 'powershell' for command environment: Not usable outside of PowerShell
[0.390s] DEBUG:colcon.colcon_core.shell:Skip shell extension 'dsv' for command environment
[0.394s] DEBUG:colcon.colcon_core.event_handler.log_command:Invoking command in '/home/tm/git_ws/myrobot/build/myrobot': CMAKE_PREFIX_PATH=${CMAKE_PREFIX_PATH}:/opt/ros/jazzy DEBUGINFOD_URLS=https://debuginfod.ubuntu.com VIRTUAL_ENV_PROMPT=(ros) /usr/bin/cmake --build /home/tm/git_ws/myrobot/build/myrobot -- -j16 -l16
[0.395s] DEBUG:colcon.colcon_core.event_handler.log_command:Invoking command in '/home/tm/git_ws/myrobot/build/myrobot_behavior_tree': CMAKE_PREFIX_PATH=${CMAKE_PREFIX_PATH}:/opt/ros/jazzy DEBUGINFOD_URLS=https://debuginfod.ubuntu.com VIRTUAL_ENV_PROMPT=(ros) /usr/bin/cmake --build /home/tm/git_ws/myrobot/build/myrobot_behavior_tree -- -j16 -l16
[0.396s] DEBUG:colcon.colcon_core.event_handler.log_command:Invoking command in '/home/tm/git_ws/myrobot/build/myrobot_cartographer': CMAKE_PREFIX_PATH=${CMAKE_PREFIX_PATH}:/opt/ros/jazzy DEBUGINFOD_URLS=https://debuginfod.ubuntu.com VIRTUAL_ENV_PROMPT=(ros) /usr/bin/cmake --build /home/tm/git_ws/myrobot/build/myrobot_cartographer -- -j16 -l16
[0.398s] DEBUG:colcon.colcon_core.event_handler.log_command:Invoking command in '/home/tm/git_ws/myrobot/build/myrobot_description': CMAKE_PREFIX_PATH=${CMAKE_PREFIX_PATH}:/opt/ros/jazzy DEBUGINFOD_URLS=https://debuginfod.ubuntu.com VIRTUAL_ENV_PROMPT=(ros) /usr/bin/cmake --build /home/tm/git_ws/myrobot/build/myrobot_description -- -j16 -l16
[0.401s] DEBUG:colcon.colcon_core.event_handler.log_command:Invoking command in '/home/tm/git_ws/myrobot/build/myrobot_navigation': CMAKE_PREFIX_PATH=${CMAKE_PREFIX_PATH}:/opt/ros/jazzy DEBUGINFOD_URLS=https://debuginfod.ubuntu.com VIRTUAL_ENV_PROMPT=(ros) /usr/bin/cmake --build /home/tm/git_ws/myrobot/build/myrobot_navigation -- -j16 -l16
[0.408s] DEBUG:colcon.colcon_core.event_handler.log_command:Invoking command in '/home/tm/git_ws/myrobot/build/user_gui': CMAKE_PREFIX_PATH=${CMAKE_PREFIX_PATH}:/opt/ros/jazzy DEBUGINFOD_URLS=https://debuginfod.ubuntu.com VIRTUAL_ENV_PROMPT=(ros) /usr/bin/cmake --build /home/tm/git_ws/myrobot/build/user_gui -- -j16 -l16
[0.433s] DEBUG:colcon.colcon_core.event_handler.log_command:Invoked command in '/home/tm/git_ws/myrobot/build/myrobot_cartographer' returned '0': CMAKE_PREFIX_PATH=${CMAKE_PREFIX_PATH}:/opt/ros/jazzy DEBUGINFOD_URLS=https://debuginfod.ubuntu.com VIRTUAL_ENV_PROMPT=(ros) /usr/bin/cmake --build /home/tm/git_ws/myrobot/build/myrobot_cartographer -- -j16 -l16
[0.441s] DEBUG:colcon.colcon_core.event_handler.log_command:Invoking command in '/home/tm/git_ws/myrobot/build/myrobot_cartographer': CMAKE_PREFIX_PATH=${CMAKE_PREFIX_PATH}:/opt/ros/jazzy DEBUGINFOD_URLS=https://debuginfod.ubuntu.com VIRTUAL_ENV_PROMPT=(ros) /usr/bin/cmake --install /home/tm/git_ws/myrobot/build/myrobot_cartographer
[0.441s] DEBUG:colcon.colcon_core.event_handler.log_command:Invoked command in '/home/tm/git_ws/myrobot/build/myrobot' returned '0': CMAKE_PREFIX_PATH=${CMAKE_PREFIX_PATH}:/opt/ros/jazzy DEBUGINFOD_URLS=https://debuginfod.ubuntu.com VIRTUAL_ENV_PROMPT=(ros) /usr/bin/cmake --build /home/tm/git_ws/myrobot/build/myrobot -- -j16 -l16
[0.442s] DEBUG:colcon.colcon_core.event_handler.log_command:Invoking command in '/home/tm/git_ws/myrobot/build/myrobot': CMAKE_PREFIX_PATH=${CMAKE_PREFIX_PATH}:/opt/ros/jazzy DEBUGINFOD_URLS=https://debuginfod.ubuntu.com VIRTUAL_ENV_PROMPT=(ros) /usr/bin/cmake --install /home/tm/git_ws/myrobot/build/myrobot
[0.443s] DEBUG:colcon.colcon_core.event_handler.log_command:Invoked command in '/home/tm/git_ws/myrobot/build/myrobot_navigation' returned '0': CMAKE_PREFIX_PATH=${CMAKE_PREFIX_PATH}:/opt/ros/jazzy DEBUGINFOD_URLS=https://debuginfod.ubuntu.com VIRTUAL_ENV_PROMPT=(ros) /usr/bin/cmake --build /home/tm/git_ws/myrobot/build/myrobot_navigation -- -j16 -l16
[0.443s] DEBUG:colcon.colcon_core.event_handler.log_command:Invoking command in '/home/tm/git_ws/myrobot/build/myrobot_navigation': CMAKE_PREFIX_PATH=${CMAKE_PREFIX_PATH}:/opt/ros/jazzy DEBUGINFOD_URLS=https://debuginfod.ubuntu.com VIRTUAL_ENV_PROMPT=(ros) /usr/bin/cmake --install /home/tm/git_ws/myrobot/build/myrobot_navigation
[0.450s] Level 1:colcon.colcon_core.environment:create_environment_scripts_only(myrobot_cartographer)
[0.453s] DEBUG:colcon.colcon_core.event_handler.log_command:Invoked command in '/home/tm/git_ws/myrobot/build/myrobot_cartographer' returned '0': CMAKE_PREFIX_PATH=${CMAKE_PREFIX_PATH}:/opt/ros/jazzy DEBUGINFOD_URLS=https://debuginfod.ubuntu.com VIRTUAL_ENV_PROMPT=(ros) /usr/bin/cmake --install /home/tm/git_ws/myrobot/build/myrobot_cartographer
[0.454s] Level 1:colcon.colcon_core.environment:checking '/home/tm/git_ws/myrobot/install/myrobot_cartographer' for CMake module files
[0.455s] Level 1:colcon.colcon_core.environment:checking '/home/tm/git_ws/myrobot/install/myrobot_cartographer' for CMake config files
[0.455s] Level 1:colcon.colcon_core.shell:create_environment_hook('myrobot_cartographer', 'cmake_prefix_path')
[0.455s] INFO:colcon.colcon_core.shell:Creating environment hook '/home/tm/git_ws/myrobot/install/myrobot_cartographer/share/myrobot_cartographer/hook/cmake_prefix_path.ps1'
[0.456s] INFO:colcon.colcon_core.shell:Creating environment descriptor '/home/tm/git_ws/myrobot/install/myrobot_cartographer/share/myrobot_cartographer/hook/cmake_prefix_path.dsv'
[0.456s] INFO:colcon.colcon_core.shell:Creating environment hook '/home/tm/git_ws/myrobot/install/myrobot_cartographer/share/myrobot_cartographer/hook/cmake_prefix_path.sh'
[0.456s] Level 1:colcon.colcon_core.environment:checking '/home/tm/git_ws/myrobot/install/myrobot_cartographer/bin'
[0.457s] Level 1:colcon.colcon_core.environment:checking '/home/tm/git_ws/myrobot/install/myrobot_cartographer/lib/pkgconfig/myrobot_cartographer.pc'
[0.457s] Level 1:colcon.colcon_core.environment:checking '/home/tm/git_ws/myrobot/install/myrobot_cartographer/lib/python3.12/site-packages'
[0.457s] Level 1:colcon.colcon_core.environment:checking '/home/tm/git_ws/myrobot/install/myrobot_cartographer/bin'
[0.457s] INFO:colcon.colcon_core.shell:Creating package script '/home/tm/git_ws/myrobot/install/myrobot_cartographer/share/myrobot_cartographer/package.ps1'
[0.458s] INFO:colcon.colcon_core.shell:Creating package descriptor '/home/tm/git_ws/myrobot/install/myrobot_cartographer/share/myrobot_cartographer/package.dsv'
[0.458s] INFO:colcon.colcon_core.shell:Creating package script '/home/tm/git_ws/myrobot/install/myrobot_cartographer/share/myrobot_cartographer/package.sh'
[0.458s] INFO:colcon.colcon_core.shell:Creating package script '/home/tm/git_ws/myrobot/install/myrobot_cartographer/share/myrobot_cartographer/package.bash'
[0.459s] INFO:colcon.colcon_core.shell:Creating package script '/home/tm/git_ws/myrobot/install/myrobot_cartographer/share/myrobot_cartographer/package.zsh'
[0.459s] Level 1:colcon.colcon_core.environment:create_file_with_runtime_dependencies(/home/tm/git_ws/myrobot/install/myrobot_cartographer/share/colcon-core/packages/myrobot_cartographer)
[0.459s] Level 1:colcon.colcon_core.environment:create_environment_scripts_only(myrobot_cartographer)
[0.459s] Level 1:colcon.colcon_core.environment:checking '/home/tm/git_ws/myrobot/install/myrobot_cartographer' for CMake module files
[0.460s] Level 1:colcon.colcon_core.environment:checking '/home/tm/git_ws/myrobot/install/myrobot_cartographer' for CMake config files
[0.460s] Level 1:colcon.colcon_core.shell:create_environment_hook('myrobot_cartographer', 'cmake_prefix_path')
[0.460s] INFO:colcon.colcon_core.shell:Creating environment hook '/home/tm/git_ws/myrobot/install/myrobot_cartographer/share/myrobot_cartographer/hook/cmake_prefix_path.ps1'
[0.460s] INFO:colcon.colcon_core.shell:Creating environment descriptor '/home/tm/git_ws/myrobot/install/myrobot_cartographer/share/myrobot_cartographer/hook/cmake_prefix_path.dsv'
[0.460s] INFO:colcon.colcon_core.shell:Creating environment hook '/home/tm/git_ws/myrobot/install/myrobot_cartographer/share/myrobot_cartographer/hook/cmake_prefix_path.sh'
[0.461s] Level 1:colcon.colcon_core.environment:checking '/home/tm/git_ws/myrobot/install/myrobot_cartographer/bin'
[0.461s] Level 1:colcon.colcon_core.environment:checking '/home/tm/git_ws/myrobot/install/myrobot_cartographer/lib/pkgconfig/myrobot_cartographer.pc'
[0.461s] Level 1:colcon.colcon_core.environment:checking '/home/tm/git_ws/myrobot/install/myrobot_cartographer/lib/python3.12/site-packages'
[0.461s] Level 1:colcon.colcon_core.environment:checking '/home/tm/git_ws/myrobot/install/myrobot_cartographer/bin'
[0.461s] INFO:colcon.colcon_core.shell:Creating package script '/home/tm/git_ws/myrobot/install/myrobot_cartographer/share/myrobot_cartographer/package.ps1'
[0.461s] INFO:colcon.colcon_core.shell:Creating package descriptor '/home/tm/git_ws/myrobot/install/myrobot_cartographer/share/myrobot_cartographer/package.dsv'
[0.462s] INFO:colcon.colcon_core.shell:Creating package script '/home/tm/git_ws/myrobot/install/myrobot_cartographer/share/myrobot_cartographer/package.sh'
[0.462s] INFO:colcon.colcon_core.shell:Creating package script '/home/tm/git_ws/myrobot/install/myrobot_cartographer/share/myrobot_cartographer/package.bash'
[0.462s] INFO:colcon.colcon_core.shell:Creating package script '/home/tm/git_ws/myrobot/install/myrobot_cartographer/share/myrobot_cartographer/package.zsh'
[0.462s] Level 1:colcon.colcon_core.environment:create_file_with_runtime_dependencies(/home/tm/git_ws/myrobot/install/myrobot_cartographer/share/colcon-core/packages/myrobot_cartographer)
[0.464s] Level 1:colcon.colcon_core.environment:create_environment_scripts_only(myrobot)
[0.464s] Level 1:colcon.colcon_core.environment:checking '/home/tm/git_ws/myrobot/install/myrobot' for CMake module files
[0.464s] DEBUG:colcon.colcon_core.event_handler.log_command:Invoked command in '/home/tm/git_ws/myrobot/build/myrobot' returned '0': CMAKE_PREFIX_PATH=${CMAKE_PREFIX_PATH}:/opt/ros/jazzy DEBUGINFOD_URLS=https://debuginfod.ubuntu.com VIRTUAL_ENV_PROMPT=(ros) /usr/bin/cmake --install /home/tm/git_ws/myrobot/build/myrobot
[0.464s] Level 1:colcon.colcon_core.environment:checking '/home/tm/git_ws/myrobot/install/myrobot' for CMake config files
[0.465s] Level 1:colcon.colcon_core.shell:create_environment_hook('myrobot', 'cmake_prefix_path')
[0.465s] INFO:colcon.colcon_core.shell:Creating environment hook '/home/tm/git_ws/myrobot/install/myrobot/share/myrobot/hook/cmake_prefix_path.ps1'
[0.465s] INFO:colcon.colcon_core.shell:Creating environment descriptor '/home/tm/git_ws/myrobot/install/myrobot/share/myrobot/hook/cmake_prefix_path.dsv'
[0.465s] INFO:colcon.colcon_core.shell:Creating environment hook '/home/tm/git_ws/myrobot/install/myrobot/share/myrobot/hook/cmake_prefix_path.sh'
[0.466s] Level 1:colcon.colcon_core.environment:checking '/home/tm/git_ws/myrobot/install/myrobot/bin'
[0.466s] Level 1:colcon.colcon_core.environment:checking '/home/tm/git_ws/myrobot/install/myrobot/lib/pkgconfig/myrobot.pc'
[0.466s] Level 1:colcon.colcon_core.environment:checking '/home/tm/git_ws/myrobot/install/myrobot/lib/python3.12/site-packages'
[0.466s] Level 1:colcon.colcon_core.environment:checking '/home/tm/git_ws/myrobot/install/myrobot/bin'
[0.466s] INFO:colcon.colcon_core.shell:Creating package script '/home/tm/git_ws/myrobot/install/myrobot/share/myrobot/package.ps1'
[0.466s] INFO:colcon.colcon_core.shell:Creating package descriptor '/home/tm/git_ws/myrobot/install/myrobot/share/myrobot/package.dsv'
[0.467s] INFO:colcon.colcon_core.shell:Creating package script '/home/tm/git_ws/myrobot/install/myrobot/share/myrobot/package.sh'
[0.467s] INFO:colcon.colcon_core.shell:Creating package script '/home/tm/git_ws/myrobot/install/myrobot/share/myrobot/package.bash'
[0.467s] INFO:colcon.colcon_core.shell:Creating package script '/home/tm/git_ws/myrobot/install/myrobot/share/myrobot/package.zsh'
[0.467s] Level 1:colcon.colcon_core.environment:create_file_with_runtime_dependencies(/home/tm/git_ws/myrobot/install/myrobot/share/colcon-core/packages/myrobot)
[0.468s] Level 1:colcon.colcon_core.environment:create_environment_scripts_only(myrobot)
[0.468s] Level 1:colcon.colcon_core.environment:checking '/home/tm/git_ws/myrobot/install/myrobot' for CMake module files
[0.468s] Level 1:colcon.colcon_core.environment:checking '/home/tm/git_ws/myrobot/install/myrobot' for CMake config files
[0.468s] Level 1:colcon.colcon_core.shell:create_environment_hook('myrobot', 'cmake_prefix_path')
[0.469s] INFO:colcon.colcon_core.shell:Creating environment hook '/home/tm/git_ws/myrobot/install/myrobot/share/myrobot/hook/cmake_prefix_path.ps1'
[0.469s] INFO:colcon.colcon_core.shell:Creating environment descriptor '/home/tm/git_ws/myrobot/install/myrobot/share/myrobot/hook/cmake_prefix_path.dsv'
[0.469s] INFO:colcon.colcon_core.shell:Creating environment hook '/home/tm/git_ws/myrobot/install/myrobot/share/myrobot/hook/cmake_prefix_path.sh'
[0.470s] Level 1:colcon.colcon_core.environment:checking '/home/tm/git_ws/myrobot/install/myrobot/bin'
[0.470s] Level 1:colcon.colcon_core.environment:checking '/home/tm/git_ws/myrobot/install/myrobot/lib/pkgconfig/myrobot.pc'
[0.470s] Level 1:colcon.colcon_core.environment:checking '/home/tm/git_ws/myrobot/install/myrobot/lib/python3.12/site-packages'
[0.470s] Level 1:colcon.colcon_core.environment:checking '/home/tm/git_ws/myrobot/install/myrobot/bin'
[0.470s] INFO:colcon.colcon_core.shell:Creating package script '/home/tm/git_ws/myrobot/install/myrobot/share/myrobot/package.ps1'
[0.471s] INFO:colcon.colcon_core.shell:Creating package descriptor '/home/tm/git_ws/myrobot/install/myrobot/share/myrobot/package.dsv'
[0.471s] INFO:colcon.colcon_core.shell:Creating package script '/home/tm/git_ws/myrobot/install/myrobot/share/myrobot/package.sh'
[0.471s] INFO:colcon.colcon_core.shell:Creating package script '/home/tm/git_ws/myrobot/install/myrobot/share/myrobot/package.bash'
[0.472s] INFO:colcon.colcon_core.shell:Creating package script '/home/tm/git_ws/myrobot/install/myrobot/share/myrobot/package.zsh'
[0.474s] Level 1:colcon.colcon_core.environment:create_file_with_runtime_dependencies(/home/tm/git_ws/myrobot/install/myrobot/share/colcon-core/packages/myrobot)
[0.474s] DEBUG:colcon.colcon_core.event_handler.log_command:Invoked command in '/home/tm/git_ws/myrobot/build/myrobot_behavior_tree' returned '0': CMAKE_PREFIX_PATH=${CMAKE_PREFIX_PATH}:/opt/ros/jazzy DEBUGINFOD_URLS=https://debuginfod.ubuntu.com VIRTUAL_ENV_PROMPT=(ros) /usr/bin/cmake --build /home/tm/git_ws/myrobot/build/myrobot_behavior_tree -- -j16 -l16
[0.475s] DEBUG:colcon.colcon_core.event_handler.log_command:Invoking command in '/home/tm/git_ws/myrobot/build/myrobot_behavior_tree': CMAKE_PREFIX_PATH=${CMAKE_PREFIX_PATH}:/opt/ros/jazzy DEBUGINFOD_URLS=https://debuginfod.ubuntu.com VIRTUAL_ENV_PROMPT=(ros) /usr/bin/cmake --install /home/tm/git_ws/myrobot/build/myrobot_behavior_tree
[0.475s] Level 1:colcon.colcon_core.environment:create_environment_scripts_only(myrobot_navigation)
[0.476s] DEBUG:colcon.colcon_core.event_handler.log_command:Invoked command in '/home/tm/git_ws/myrobot/build/myrobot_navigation' returned '0': CMAKE_PREFIX_PATH=${CMAKE_PREFIX_PATH}:/opt/ros/jazzy DEBUGINFOD_URLS=https://debuginfod.ubuntu.com VIRTUAL_ENV_PROMPT=(ros) /usr/bin/cmake --install /home/tm/git_ws/myrobot/build/myrobot_navigation
[0.476s] Level 1:colcon.colcon_core.environment:checking '/home/tm/git_ws/myrobot/install/myrobot_navigation' for CMake module files
[0.476s] Level 1:colcon.colcon_core.environment:checking '/home/tm/git_ws/myrobot/install/myrobot_navigation' for CMake config files
[0.476s] Level 1:colcon.colcon_core.shell:create_environment_hook('myrobot_navigation', 'cmake_prefix_path')
[0.476s] INFO:colcon.colcon_core.shell:Creating environment hook '/home/tm/git_ws/myrobot/install/myrobot_navigation/share/myrobot_navigation/hook/cmake_prefix_path.ps1'
[0.477s] INFO:colcon.colcon_core.shell:Creating environment descriptor '/home/tm/git_ws/myrobot/install/myrobot_navigation/share/myrobot_navigation/hook/cmake_prefix_path.dsv'
[0.477s] INFO:colcon.colcon_core.shell:Creating environment hook '/home/tm/git_ws/myrobot/install/myrobot_navigation/share/myrobot_navigation/hook/cmake_prefix_path.sh'
[0.477s] Level 1:colcon.colcon_core.environment:checking '/home/tm/git_ws/myrobot/install/myrobot_navigation/bin'
[0.477s] Level 1:colcon.colcon_core.environment:checking '/home/tm/git_ws/myrobot/install/myrobot_navigation/lib/pkgconfig/myrobot_navigation.pc'
[0.477s] Level 1:colcon.colcon_core.environment:checking '/home/tm/git_ws/myrobot/install/myrobot_navigation/lib/python3.12/site-packages'
[0.478s] Level 1:colcon.colcon_core.environment:checking '/home/tm/git_ws/myrobot/install/myrobot_navigation/bin'
[0.478s] INFO:colcon.colcon_core.shell:Creating package script '/home/tm/git_ws/myrobot/install/myrobot_navigation/share/myrobot_navigation/package.ps1'
[0.478s] INFO:colcon.colcon_core.shell:Creating package descriptor '/home/tm/git_ws/myrobot/install/myrobot_navigation/share/myrobot_navigation/package.dsv'
[0.478s] INFO:colcon.colcon_core.shell:Creating package script '/home/tm/git_ws/myrobot/install/myrobot_navigation/share/myrobot_navigation/package.sh'
[0.479s] INFO:colcon.colcon_core.shell:Creating package script '/home/tm/git_ws/myrobot/install/myrobot_navigation/share/myrobot_navigation/package.bash'
[0.479s] INFO:colcon.colcon_core.shell:Creating package script '/home/tm/git_ws/myrobot/install/myrobot_navigation/share/myrobot_navigation/package.zsh'
[0.479s] Level 1:colcon.colcon_core.environment:create_file_with_runtime_dependencies(/home/tm/git_ws/myrobot/install/myrobot_navigation/share/colcon-core/packages/myrobot_navigation)
[0.480s] Level 1:colcon.colcon_core.environment:create_environment_scripts_only(myrobot_navigation)
[0.480s] Level 1:colcon.colcon_core.environment:checking '/home/tm/git_ws/myrobot/install/myrobot_navigation' for CMake module files
[0.480s] Level 1:colcon.colcon_core.environment:checking '/home/tm/git_ws/myrobot/install/myrobot_navigation' for CMake config files
[0.480s] Level 1:colcon.colcon_core.shell:create_environment_hook('myrobot_navigation', 'cmake_prefix_path')
[0.481s] INFO:colcon.colcon_core.shell:Creating environment hook '/home/tm/git_ws/myrobot/install/myrobot_navigation/share/myrobot_navigation/hook/cmake_prefix_path.ps1'
[0.481s] INFO:colcon.colcon_core.shell:Creating environment descriptor '/home/tm/git_ws/myrobot/install/myrobot_navigation/share/myrobot_navigation/hook/cmake_prefix_path.dsv'
[0.482s] INFO:colcon.colcon_core.shell:Creating environment hook '/home/tm/git_ws/myrobot/install/myrobot_navigation/share/myrobot_navigation/hook/cmake_prefix_path.sh'
[0.482s] Level 1:colcon.colcon_core.environment:checking '/home/tm/git_ws/myrobot/install/myrobot_navigation/bin'
[0.482s] Level 1:colcon.colcon_core.environment:checking '/home/tm/git_ws/myrobot/install/myrobot_navigation/lib/pkgconfig/myrobot_navigation.pc'
[0.482s] Level 1:colcon.colcon_core.environment:checking '/home/tm/git_ws/myrobot/install/myrobot_navigation/lib/python3.12/site-packages'
[0.482s] Level 1:colcon.colcon_core.environment:checking '/home/tm/git_ws/myrobot/install/myrobot_navigation/bin'
[0.483s] INFO:colcon.colcon_core.shell:Creating package script '/home/tm/git_ws/myrobot/install/myrobot_navigation/share/myrobot_navigation/package.ps1'
[0.483s] INFO:colcon.colcon_core.shell:Creating package descriptor '/home/tm/git_ws/myrobot/install/myrobot_navigation/share/myrobot_navigation/package.dsv'
[0.483s] INFO:colcon.colcon_core.shell:Creating package script '/home/tm/git_ws/myrobot/install/myrobot_navigation/share/myrobot_navigation/package.sh'
[0.484s] INFO:colcon.colcon_core.shell:Creating package script '/home/tm/git_ws/myrobot/install/myrobot_navigation/share/myrobot_navigation/package.bash'
[0.484s] INFO:colcon.colcon_core.shell:Creating package script '/home/tm/git_ws/myrobot/install/myrobot_navigation/share/myrobot_navigation/package.zsh'
[0.484s] Level 1:colcon.colcon_core.environment:create_file_with_runtime_dependencies(/home/tm/git_ws/myrobot/install/myrobot_navigation/share/colcon-core/packages/myrobot_navigation)
[0.487s] Level 1:colcon.colcon_core.environment:create_environment_scripts_only(myrobot_behavior_tree)
[0.488s] Level 1:colcon.colcon_core.environment:checking '/home/tm/git_ws/myrobot/install/myrobot_behavior_tree' for CMake module files
[0.488s] DEBUG:colcon.colcon_core.event_handler.log_command:Invoked command in '/home/tm/git_ws/myrobot/build/myrobot_behavior_tree' returned '0': CMAKE_PREFIX_PATH=${CMAKE_PREFIX_PATH}:/opt/ros/jazzy DEBUGINFOD_URLS=https://debuginfod.ubuntu.com VIRTUAL_ENV_PROMPT=(ros) /usr/bin/cmake --install /home/tm/git_ws/myrobot/build/myrobot_behavior_tree
[0.488s] Level 1:colcon.colcon_core.environment:checking '/home/tm/git_ws/myrobot/install/myrobot_behavior_tree' for CMake config files
[0.488s] Level 1:colcon.colcon_core.shell:create_environment_hook('myrobot_behavior_tree', 'cmake_prefix_path')
[0.489s] INFO:colcon.colcon_core.shell:Creating environment hook '/home/tm/git_ws/myrobot/install/myrobot_behavior_tree/share/myrobot_behavior_tree/hook/cmake_prefix_path.ps1'
[0.489s] INFO:colcon.colcon_core.shell:Creating environment descriptor '/home/tm/git_ws/myrobot/install/myrobot_behavior_tree/share/myrobot_behavior_tree/hook/cmake_prefix_path.dsv'
[0.489s] INFO:colcon.colcon_core.shell:Creating environment hook '/home/tm/git_ws/myrobot/install/myrobot_behavior_tree/share/myrobot_behavior_tree/hook/cmake_prefix_path.sh'
[0.490s] Level 1:colcon.colcon_core.environment:checking '/home/tm/git_ws/myrobot/install/myrobot_behavior_tree/lib'
[0.490s] Level 1:colcon.colcon_core.shell:create_environment_hook('myrobot_behavior_tree', 'ld_library_path_lib')
[0.490s] INFO:colcon.colcon_core.shell:Creating environment hook '/home/tm/git_ws/myrobot/install/myrobot_behavior_tree/share/myrobot_behavior_tree/hook/ld_library_path_lib.ps1'
[0.490s] INFO:colcon.colcon_core.shell:Creating environment descriptor '/home/tm/git_ws/myrobot/install/myrobot_behavior_tree/share/myrobot_behavior_tree/hook/ld_library_path_lib.dsv'
[0.491s] INFO:colcon.colcon_core.shell:Creating environment hook '/home/tm/git_ws/myrobot/install/myrobot_behavior_tree/share/myrobot_behavior_tree/hook/ld_library_path_lib.sh'
[0.491s] Level 1:colcon.colcon_core.environment:checking '/home/tm/git_ws/myrobot/install/myrobot_behavior_tree/bin'
[0.491s] Level 1:colcon.colcon_core.environment:checking '/home/tm/git_ws/myrobot/install/myrobot_behavior_tree/lib/pkgconfig/myrobot_behavior_tree.pc'
[0.491s] Level 1:colcon.colcon_core.environment:checking '/home/tm/git_ws/myrobot/install/myrobot_behavior_tree/lib/python3.12/site-packages'
[0.491s] Level 1:colcon.colcon_core.environment:checking '/home/tm/git_ws/myrobot/install/myrobot_behavior_tree/bin'
[0.491s] INFO:colcon.colcon_core.shell:Creating package script '/home/tm/git_ws/myrobot/install/myrobot_behavior_tree/share/myrobot_behavior_tree/package.ps1'
[0.492s] INFO:colcon.colcon_core.shell:Creating package descriptor '/home/tm/git_ws/myrobot/install/myrobot_behavior_tree/share/myrobot_behavior_tree/package.dsv'
[0.492s] INFO:colcon.colcon_core.shell:Creating package script '/home/tm/git_ws/myrobot/install/myrobot_behavior_tree/share/myrobot_behavior_tree/package.sh'
[0.492s] INFO:colcon.colcon_core.shell:Creating package script '/home/tm/git_ws/myrobot/install/myrobot_behavior_tree/share/myrobot_behavior_tree/package.bash'
[0.492s] INFO:colcon.colcon_core.shell:Creating package script '/home/tm/git_ws/myrobot/install/myrobot_behavior_tree/share/myrobot_behavior_tree/package.zsh'
[0.493s] Level 1:colcon.colcon_core.environment:create_file_with_runtime_dependencies(/home/tm/git_ws/myrobot/install/myrobot_behavior_tree/share/colcon-core/packages/myrobot_behavior_tree)
[0.493s] Level 1:colcon.colcon_core.environment:create_environment_scripts_only(myrobot_behavior_tree)
[0.493s] Level 1:colcon.colcon_core.environment:checking '/home/tm/git_ws/myrobot/install/myrobot_behavior_tree' for CMake module files
[0.493s] Level 1:colcon.colcon_core.environment:checking '/home/tm/git_ws/myrobot/install/myrobot_behavior_tree' for CMake config files
[0.493s] Level 1:colcon.colcon_core.shell:create_environment_hook('myrobot_behavior_tree', 'cmake_prefix_path')
[0.493s] INFO:colcon.colcon_core.shell:Creating environment hook '/home/tm/git_ws/myrobot/install/myrobot_behavior_tree/share/myrobot_behavior_tree/hook/cmake_prefix_path.ps1'
[0.494s] INFO:colcon.colcon_core.shell:Creating environment descriptor '/home/tm/git_ws/myrobot/install/myrobot_behavior_tree/share/myrobot_behavior_tree/hook/cmake_prefix_path.dsv'
[0.494s] INFO:colcon.colcon_core.shell:Creating environment hook '/home/tm/git_ws/myrobot/install/myrobot_behavior_tree/share/myrobot_behavior_tree/hook/cmake_prefix_path.sh'
[0.494s] Level 1:colcon.colcon_core.environment:checking '/home/tm/git_ws/myrobot/install/myrobot_behavior_tree/lib'
[0.494s] Level 1:colcon.colcon_core.shell:create_environment_hook('myrobot_behavior_tree', 'ld_library_path_lib')
[0.494s] INFO:colcon.colcon_core.shell:Creating environment hook '/home/tm/git_ws/myrobot/install/myrobot_behavior_tree/share/myrobot_behavior_tree/hook/ld_library_path_lib.ps1'
[0.494s] INFO:colcon.colcon_core.shell:Creating environment descriptor '/home/tm/git_ws/myrobot/install/myrobot_behavior_tree/share/myrobot_behavior_tree/hook/ld_library_path_lib.dsv'
[0.495s] INFO:colcon.colcon_core.shell:Creating environment hook '/home/tm/git_ws/myrobot/install/myrobot_behavior_tree/share/myrobot_behavior_tree/hook/ld_library_path_lib.sh'
[0.495s] Level 1:colcon.colcon_core.environment:checking '/home/tm/git_ws/myrobot/install/myrobot_behavior_tree/bin'
[0.495s] Level 1:colcon.colcon_core.environment:checking '/home/tm/git_ws/myrobot/install/myrobot_behavior_tree/lib/pkgconfig/myrobot_behavior_tree.pc'
[0.495s] Level 1:colcon.colcon_core.environment:checking '/home/tm/git_ws/myrobot/install/myrobot_behavior_tree/lib/python3.12/site-packages'
[0.495s] Level 1:colcon.colcon_core.environment:checking '/home/tm/git_ws/myrobot/install/myrobot_behavior_tree/bin'
[0.495s] INFO:colcon.colcon_core.shell:Creating package script '/home/tm/git_ws/myrobot/install/myrobot_behavior_tree/share/myrobot_behavior_tree/package.ps1'
[0.496s] INFO:colcon.colcon_core.shell:Creating package descriptor '/home/tm/git_ws/myrobot/install/myrobot_behavior_tree/share/myrobot_behavior_tree/package.dsv'
[0.496s] INFO:colcon.colcon_core.shell:Creating package script '/home/tm/git_ws/myrobot/install/myrobot_behavior_tree/share/myrobot_behavior_tree/package.sh'
[0.496s] INFO:colcon.colcon_core.shell:Creating package script '/home/tm/git_ws/myrobot/install/myrobot_behavior_tree/share/myrobot_behavior_tree/package.bash'
[0.497s] INFO:colcon.colcon_core.shell:Creating package script '/home/tm/git_ws/myrobot/install/myrobot_behavior_tree/share/myrobot_behavior_tree/package.zsh'
[0.497s] Level 1:colcon.colcon_core.environment:create_file_with_runtime_dependencies(/home/tm/git_ws/myrobot/install/myrobot_behavior_tree/share/colcon-core/packages/myrobot_behavior_tree)
[0.513s] DEBUG:colcon.colcon_core.event_handler.log_command:Invoked command in '/home/tm/git_ws/myrobot/build/myrobot_interfaces' returned '0': CMAKE_PREFIX_PATH=${CMAKE_PREFIX_PATH}:/opt/ros/jazzy DEBUGINFOD_URLS=https://debuginfod.ubuntu.com VIRTUAL_ENV_PROMPT=(ros) /usr/bin/cmake --build /home/tm/git_ws/myrobot/build/myrobot_interfaces -- -j16 -l16
[0.515s] DEBUG:colcon.colcon_core.event_handler.log_command:Invoking command in '/home/tm/git_ws/myrobot/build/myrobot_interfaces': CMAKE_PREFIX_PATH=${CMAKE_PREFIX_PATH}:/opt/ros/jazzy DEBUGINFOD_URLS=https://debuginfod.ubuntu.com VIRTUAL_ENV_PROMPT=(ros) /usr/bin/cmake --install /home/tm/git_ws/myrobot/build/myrobot_interfaces
[0.539s] DEBUG:colcon.colcon_core.event_handler.log_command:Invoked command in '/home/tm/git_ws/myrobot/build/user_gui' returned '0': CMAKE_PREFIX_PATH=${CMAKE_PREFIX_PATH}:/opt/ros/jazzy DEBUGINFOD_URLS=https://debuginfod.ubuntu.com VIRTUAL_ENV_PROMPT=(ros) /usr/bin/cmake --build /home/tm/git_ws/myrobot/build/user_gui -- -j16 -l16
[0.539s] DEBUG:colcon.colcon_core.event_handler.log_command:Invoking command in '/home/tm/git_ws/myrobot/build/user_gui': CMAKE_PREFIX_PATH=${CMAKE_PREFIX_PATH}:/opt/ros/jazzy DEBUGINFOD_URLS=https://debuginfod.ubuntu.com VIRTUAL_ENV_PROMPT=(ros) /usr/bin/cmake --install /home/tm/git_ws/myrobot/build/user_gui
[0.549s] Level 1:colcon.colcon_core.environment:create_environment_scripts_only(user_gui)
[0.549s] DEBUG:colcon.colcon_core.event_handler.log_command:Invoked command in '/home/tm/git_ws/myrobot/build/user_gui' returned '0': CMAKE_PREFIX_PATH=${CMAKE_PREFIX_PATH}:/opt/ros/jazzy DEBUGINFOD_URLS=https://debuginfod.ubuntu.com VIRTUAL_ENV_PROMPT=(ros) /usr/bin/cmake --install /home/tm/git_ws/myrobot/build/user_gui
[0.549s] Level 1:colcon.colcon_core.environment:checking '/home/tm/git_ws/myrobot/install/user_gui' for CMake module files
[0.550s] Level 1:colcon.colcon_core.environment:checking '/home/tm/git_ws/myrobot/install/user_gui' for CMake config files
[0.550s] Level 1:colcon.colcon_core.shell:create_environment_hook('user_gui', 'cmake_prefix_path')
[0.550s] INFO:colcon.colcon_core.shell:Creating environment hook '/home/tm/git_ws/myrobot/install/user_gui/share/user_gui/hook/cmake_prefix_path.ps1'
[0.550s] INFO:colcon.colcon_core.shell:Creating environment descriptor '/home/tm/git_ws/myrobot/install/user_gui/share/user_gui/hook/cmake_prefix_path.dsv'
[0.551s] INFO:colcon.colcon_core.shell:Creating environment hook '/home/tm/git_ws/myrobot/install/user_gui/share/user_gui/hook/cmake_prefix_path.sh'
[0.551s] Level 1:colcon.colcon_core.environment:checking '/home/tm/git_ws/myrobot/install/user_gui/lib'
[0.551s] Level 1:colcon.colcon_core.environment:checking '/home/tm/git_ws/myrobot/install/user_gui/bin'
[0.551s] Level 1:colcon.colcon_core.environment:checking '/home/tm/git_ws/myrobot/install/user_gui/lib/pkgconfig/user_gui.pc'
[0.551s] Level 1:colcon.colcon_core.environment:checking '/home/tm/git_ws/myrobot/install/user_gui/lib/python3.12/site-packages'
[0.551s] Level 1:colcon.colcon_core.environment:checking '/home/tm/git_ws/myrobot/install/user_gui/bin'
[0.551s] INFO:colcon.colcon_core.shell:Creating package script '/home/tm/git_ws/myrobot/install/user_gui/share/user_gui/package.ps1'
[0.552s] INFO:colcon.colcon_core.shell:Creating package descriptor '/home/tm/git_ws/myrobot/install/user_gui/share/user_gui/package.dsv'
[0.552s] INFO:colcon.colcon_core.shell:Creating package script '/home/tm/git_ws/myrobot/install/user_gui/share/user_gui/package.sh'
[0.553s] INFO:colcon.colcon_core.shell:Creating package script '/home/tm/git_ws/myrobot/install/user_gui/share/user_gui/package.bash'
[0.553s] INFO:colcon.colcon_core.shell:Creating package script '/home/tm/git_ws/myrobot/install/user_gui/share/user_gui/package.zsh'
[0.553s] Level 1:colcon.colcon_core.environment:create_file_with_runtime_dependencies(/home/tm/git_ws/myrobot/install/user_gui/share/colcon-core/packages/user_gui)
[0.553s] Level 1:colcon.colcon_core.environment:create_environment_scripts_only(user_gui)
[0.553s] Level 1:colcon.colcon_core.environment:checking '/home/tm/git_ws/myrobot/install/user_gui' for CMake module files
[0.554s] Level 1:colcon.colcon_core.environment:checking '/home/tm/git_ws/myrobot/install/user_gui' for CMake config files
[0.554s] Level 1:colcon.colcon_core.shell:create_environment_hook('user_gui', 'cmake_prefix_path')
[0.554s] INFO:colcon.colcon_core.shell:Creating environment hook '/home/tm/git_ws/myrobot/install/user_gui/share/user_gui/hook/cmake_prefix_path.ps1'
[0.554s] INFO:colcon.colcon_core.shell:Creating environment descriptor '/home/tm/git_ws/myrobot/install/user_gui/share/user_gui/hook/cmake_prefix_path.dsv'
[0.555s] INFO:colcon.colcon_core.shell:Creating environment hook '/home/tm/git_ws/myrobot/install/user_gui/share/user_gui/hook/cmake_prefix_path.sh'
[0.555s] Level 1:colcon.colcon_core.environment:checking '/home/tm/git_ws/myrobot/install/user_gui/lib'
[0.555s] Level 1:colcon.colcon_core.environment:checking '/home/tm/git_ws/myrobot/install/user_gui/bin'
[0.555s] Level 1:colcon.colcon_core.environment:checking '/home/tm/git_ws/myrobot/install/user_gui/lib/pkgconfig/user_gui.pc'
[0.555s] Level 1:colcon.colcon_core.environment:checking '/home/tm/git_ws/myrobot/install/user_gui/lib/python3.12/site-packages'
[0.555s] Level 1:colcon.colcon_core.environment:checking '/home/tm/git_ws/myrobot/install/user_gui/bin'
[0.556s] INFO:colcon.colcon_core.shell:Creating package script '/home/tm/git_ws/myrobot/install/user_gui/share/user_gui/package.ps1'
[0.556s] INFO:colcon.colcon_core.shell:Creating package descriptor '/home/tm/git_ws/myrobot/install/user_gui/share/user_gui/package.dsv'
[0.556s] INFO:colcon.colcon_core.shell:Creating package script '/home/tm/git_ws/myrobot/install/user_gui/share/user_gui/package.sh'
[0.556s] INFO:colcon.colcon_core.shell:Creating package script '/home/tm/git_ws/myrobot/install/user_gui/share/user_gui/package.bash'
[0.557s] INFO:colcon.colcon_core.shell:Creating package script '/home/tm/git_ws/myrobot/install/user_gui/share/user_gui/package.zsh'
[0.557s] Level 1:colcon.colcon_core.environment:create_file_with_runtime_dependencies(/home/tm/git_ws/myrobot/install/user_gui/share/colcon-core/packages/user_gui)
[0.562s] Level 1:colcon.colcon_core.environment:create_environment_scripts_only(myrobot_interfaces)
[0.562s] Level 1:colcon.colcon_core.environment:checking '/home/tm/git_ws/myrobot/install/myrobot_interfaces' for CMake module files
[0.564s] DEBUG:colcon.colcon_core.event_handler.log_command:Invoked command in '/home/tm/git_ws/myrobot/build/myrobot_interfaces' returned '0': CMAKE_PREFIX_PATH=${CMAKE_PREFIX_PATH}:/opt/ros/jazzy DEBUGINFOD_URLS=https://debuginfod.ubuntu.com VIRTUAL_ENV_PROMPT=(ros) /usr/bin/cmake --install /home/tm/git_ws/myrobot/build/myrobot_interfaces
[0.565s] Level 1:colcon.colcon_core.environment:checking '/home/tm/git_ws/myrobot/install/myrobot_interfaces' for CMake config files
[0.565s] Level 1:colcon.colcon_core.shell:create_environment_hook('myrobot_interfaces', 'cmake_prefix_path')
[0.565s] INFO:colcon.colcon_core.shell:Creating environment hook '/home/tm/git_ws/myrobot/install/myrobot_interfaces/share/myrobot_interfaces/hook/cmake_prefix_path.ps1'
[0.565s] INFO:colcon.colcon_core.shell:Creating environment descriptor '/home/tm/git_ws/myrobot/install/myrobot_interfaces/share/myrobot_interfaces/hook/cmake_prefix_path.dsv'
[0.565s] INFO:colcon.colcon_core.shell:Creating environment hook '/home/tm/git_ws/myrobot/install/myrobot_interfaces/share/myrobot_interfaces/hook/cmake_prefix_path.sh'
[0.566s] Level 1:colcon.colcon_core.environment:checking '/home/tm/git_ws/myrobot/install/myrobot_interfaces/lib'
[0.566s] Level 1:colcon.colcon_core.shell:create_environment_hook('myrobot_interfaces', 'ld_library_path_lib')
[0.566s] INFO:colcon.colcon_core.shell:Creating environment hook '/home/tm/git_ws/myrobot/install/myrobot_interfaces/share/myrobot_interfaces/hook/ld_library_path_lib.ps1'
[0.566s] INFO:colcon.colcon_core.shell:Creating environment descriptor '/home/tm/git_ws/myrobot/install/myrobot_interfaces/share/myrobot_interfaces/hook/ld_library_path_lib.dsv'
[0.566s] INFO:colcon.colcon_core.shell:Creating environment hook '/home/tm/git_ws/myrobot/install/myrobot_interfaces/share/myrobot_interfaces/hook/ld_library_path_lib.sh'
[0.567s] Level 1:colcon.colcon_core.environment:checking '/home/tm/git_ws/myrobot/install/myrobot_interfaces/bin'
[0.567s] Level 1:colcon.colcon_core.environment:checking '/home/tm/git_ws/myrobot/install/myrobot_interfaces/lib/pkgconfig/myrobot_interfaces.pc'
[0.567s] Level 1:colcon.colcon_core.environment:checking '/home/tm/git_ws/myrobot/install/myrobot_interfaces/lib/python3.12/site-packages'
[0.567s] Level 1:colcon.colcon_core.shell:create_environment_hook('myrobot_interfaces', 'pythonpath')
[0.567s] INFO:colcon.colcon_core.shell:Creating environment hook '/home/tm/git_ws/myrobot/install/myrobot_interfaces/share/myrobot_interfaces/hook/pythonpath.ps1'
[0.567s] INFO:colcon.colcon_core.shell:Creating environment descriptor '/home/tm/git_ws/myrobot/install/myrobot_interfaces/share/myrobot_interfaces/hook/pythonpath.dsv'
[0.567s] INFO:colcon.colcon_core.shell:Creating environment hook '/home/tm/git_ws/myrobot/install/myrobot_interfaces/share/myrobot_interfaces/hook/pythonpath.sh'
[0.568s] Level 1:colcon.colcon_core.environment:checking '/home/tm/git_ws/myrobot/install/myrobot_interfaces/bin'
[0.568s] INFO:colcon.colcon_core.shell:Creating package script '/home/tm/git_ws/myrobot/install/myrobot_interfaces/share/myrobot_interfaces/package.ps1'
[0.568s] INFO:colcon.colcon_core.shell:Creating package descriptor '/home/tm/git_ws/myrobot/install/myrobot_interfaces/share/myrobot_interfaces/package.dsv'
[0.568s] INFO:colcon.colcon_core.shell:Creating package script '/home/tm/git_ws/myrobot/install/myrobot_interfaces/share/myrobot_interfaces/package.sh'
[0.569s] INFO:colcon.colcon_core.shell:Creating package script '/home/tm/git_ws/myrobot/install/myrobot_interfaces/share/myrobot_interfaces/package.bash'
[0.569s] INFO:colcon.colcon_core.shell:Creating package script '/home/tm/git_ws/myrobot/install/myrobot_interfaces/share/myrobot_interfaces/package.zsh'
[0.569s] Level 1:colcon.colcon_core.environment:create_file_with_runtime_dependencies(/home/tm/git_ws/myrobot/install/myrobot_interfaces/share/colcon-core/packages/myrobot_interfaces)
[0.569s] Level 1:colcon.colcon_core.environment:create_environment_scripts_only(myrobot_interfaces)
[0.570s] Level 1:colcon.colcon_core.environment:checking '/home/tm/git_ws/myrobot/install/myrobot_interfaces' for CMake module files
[0.570s] Level 1:colcon.colcon_core.environment:checking '/home/tm/git_ws/myrobot/install/myrobot_interfaces' for CMake config files
[0.570s] Level 1:colcon.colcon_core.shell:create_environment_hook('myrobot_interfaces', 'cmake_prefix_path')
[0.570s] INFO:colcon.colcon_core.shell:Creating environment hook '/home/tm/git_ws/myrobot/install/myrobot_interfaces/share/myrobot_interfaces/hook/cmake_prefix_path.ps1'
[0.570s] INFO:colcon.colcon_core.shell:Creating environment descriptor '/home/tm/git_ws/myrobot/install/myrobot_interfaces/share/myrobot_interfaces/hook/cmake_prefix_path.dsv'
[0.571s] INFO:colcon.colcon_core.shell:Creating environment hook '/home/tm/git_ws/myrobot/install/myrobot_interfaces/share/myrobot_interfaces/hook/cmake_prefix_path.sh'
[0.571s] Level 1:colcon.colcon_core.environment:checking '/home/tm/git_ws/myrobot/install/myrobot_interfaces/lib'
[0.571s] Level 1:colcon.colcon_core.shell:create_environment_hook('myrobot_interfaces', 'ld_library_path_lib')
[0.571s] INFO:colcon.colcon_core.shell:Creating environment hook '/home/tm/git_ws/myrobot/install/myrobot_interfaces/share/myrobot_interfaces/hook/ld_library_path_lib.ps1'
[0.572s] INFO:colcon.colcon_core.shell:Creating environment descriptor '/home/tm/git_ws/myrobot/install/myrobot_interfaces/share/myrobot_interfaces/hook/ld_library_path_lib.dsv'
[0.572s] INFO:colcon.colcon_core.shell:Creating environment hook '/home/tm/git_ws/myrobot/install/myrobot_interfaces/share/myrobot_interfaces/hook/ld_library_path_lib.sh'
[0.572s] Level 1:colcon.colcon_core.environment:checking '/home/tm/git_ws/myrobot/install/myrobot_interfaces/bin'
[0.572s] Level 1:colcon.colcon_core.environment:checking '/home/tm/git_ws/myrobot/install/myrobot_interfaces/lib/pkgconfig/myrobot_interfaces.pc'
[0.572s] Level 1:colcon.colcon_core.environment:checking '/home/tm/git_ws/myrobot/install/myrobot_interfaces/lib/python3.12/site-packages'
[0.572s] Level 1:colcon.colcon_core.shell:create_environment_hook('myrobot_interfaces', 'pythonpath')
[0.572s] INFO:colcon.colcon_core.shell:Creating environment hook '/home/tm/git_ws/myrobot/install/myrobot_interfaces/share/myrobot_interfaces/hook/pythonpath.ps1'
[0.573s] INFO:colcon.colcon_core.shell:Creating environment descriptor '/home/tm/git_ws/myrobot/install/myrobot_interfaces/share/myrobot_interfaces/hook/pythonpath.dsv'
[0.573s] INFO:colcon.colcon_core.shell:Creating environment hook '/home/tm/git_ws/myrobot/install/myrobot_interfaces/share/myrobot_interfaces/hook/pythonpath.sh'
[0.573s] Level 1:colcon.colcon_core.environment:checking '/home/tm/git_ws/myrobot/install/myrobot_interfaces/bin'
[0.573s] INFO:colcon.colcon_core.shell:Creating package script '/home/tm/git_ws/myrobot/install/myrobot_interfaces/share/myrobot_interfaces/package.ps1'
[0.574s] INFO:colcon.colcon_core.shell:Creating package descriptor '/home/tm/git_ws/myrobot/install/myrobot_interfaces/share/myrobot_interfaces/package.dsv'
[0.574s] INFO:colcon.colcon_core.shell:Creating package script '/home/tm/git_ws/myrobot/install/myrobot_interfaces/share/myrobot_interfaces/package.sh'
[0.575s] INFO:colcon.colcon_core.shell:Creating package script '/home/tm/git_ws/myrobot/install/myrobot_interfaces/share/myrobot_interfaces/package.bash'
[0.575s] INFO:colcon.colcon_core.shell:Creating package script '/home/tm/git_ws/myrobot/install/myrobot_interfaces/share/myrobot_interfaces/package.zsh'
[0.575s] Level 1:colcon.colcon_core.environment:create_file_with_runtime_dependencies(/home/tm/git_ws/myrobot/install/myrobot_interfaces/share/colcon-core/packages/myrobot_interfaces)
[0.575s] INFO:colcon.colcon_ros.task.ament_cmake.build:Building ROS package in '/home/tm/git_ws/myrobot/src/place_nav' with build type 'ament_cmake'
[0.576s] INFO:colcon.colcon_cmake.task.cmake.build:Building CMake package in '/home/tm/git_ws/myrobot/src/place_nav'
[0.576s] INFO:colcon.colcon_core.shell:Skip shell extension 'powershell' for command environment: Not usable outside of PowerShell
[0.576s] DEBUG:colcon.colcon_core.shell:Skip shell extension 'dsv' for command environment
[0.585s] DEBUG:colcon.colcon_core.event_handler.log_command:Invoking command in '/home/tm/git_ws/myrobot/build/place_nav': AMENT_PREFIX_PATH=/home/tm/git_ws/myrobot/install/myrobot_interfaces:${AMENT_PREFIX_PATH} CMAKE_PREFIX_PATH=/home/tm/git_ws/myrobot/install/myrobot_interfaces:/opt/ros/jazzy/opt/gz_launch_vendor:/opt/ros/jazzy/opt/gz_sim_vendor:/opt/ros/jazzy/opt/gz_sensors_vendor:/opt/ros/jazzy/opt/gz_physics_vendor:/opt/ros/jazzy/opt/sdformat_vendor:/opt/ros/jazzy/opt/gz_gui_vendor:/opt/ros/jazzy/opt/gz_transport_vendor:/opt/ros/jazzy/opt/gz_rendering_vendor:/opt/ros/jazzy/opt/gz_plugin_vendor:/opt/ros/jazzy/opt/gz_fuel_tools_vendor:/opt/ros/jazzy/opt/gz_msgs_vendor:/opt/ros/jazzy/opt/gz_common_vendor:/opt/ros/jazzy/opt/gz_math_vendor:/opt/ros/jazzy/opt/gz_utils_vendor:/opt/ros/jazzy/opt/gz_tools_vendor:/opt/ros/jazzy/opt/gz_ogre_next_vendor:/opt/ros/jazzy/opt/gz_dartsim_vendor:/opt/ros/jazzy/opt/gz_cmake_vendor:/opt/ros/jazzy DEBUGINFOD_URLS=https://debuginfod.ubuntu.com LD_LIBRARY_PATH=/home/tm/git_ws/myrobot/install/myrobot_interfaces/lib:${LD_LIBRARY_PATH} PYTHONPATH=/home/tm/git_ws/myrobot/install/myrobot_interfaces/lib/python3.12/site-packages:${PYTHONPATH} VIRTUAL_ENV_PROMPT=(ros) /usr/bin/cmake --build /home/tm/git_ws/myrobot/build/place_nav -- -j16 -l16
[0.651s] DEBUG:colcon.colcon_core.event_handler.log_command:Invoked command in '/home/tm/git_ws/myrobot/build/place_nav' returned '0': AMENT_PREFIX_PATH=/home/tm/git_ws/myrobot/install/myrobot_interfaces:${AMENT_PREFIX_PATH} CMAKE_PREFIX_PATH=/home/tm/git_ws/myrobot/install/myrobot_interfaces:/opt/ros/jazzy/opt/gz_launch_vendor:/opt/ros/jazzy/opt/gz_sim_vendor:/opt/ros/jazzy/opt/gz_sensors_vendor:/opt/ros/jazzy/opt/gz_physics_vendor:/opt/ros/jazzy/opt/sdformat_vendor:/opt/ros/jazzy/opt/gz_gui_vendor:/opt/ros/jazzy/opt/gz_transport_vendor:/opt/ros/jazzy/opt/gz_rendering_vendor:/opt/ros/jazzy/opt/gz_plugin_vendor:/opt/ros/jazzy/opt/gz_fuel_tools_vendor:/opt/ros/jazzy/opt/gz_msgs_vendor:/opt/ros/jazzy/opt/gz_common_vendor:/opt/ros/jazzy/opt/gz_math_vendor:/opt/ros/jazzy/opt/gz_utils_vendor:/opt/ros/jazzy/opt/gz_tools_vendor:/opt/ros/jazzy/opt/gz_ogre_next_vendor:/opt/ros/jazzy/opt/gz_dartsim_vendor:/opt/ros/jazzy/opt/gz_cmake_vendor:/opt/ros/jazzy DEBUGINFOD_URLS=https://debuginfod.ubuntu.com LD_LIBRARY_PATH=/home/tm/git_ws/myrobot/install/myrobot_interfaces/lib:${LD_LIBRARY_PATH} PYTHONPATH=/home/tm/git_ws/myrobot/install/myrobot_interfaces/lib/python3.12/site-packages:${PYTHONPATH} VIRTUAL_ENV_PROMPT=(ros) /usr/bin/cmake --build /home/tm/git_ws/myrobot/build/place_nav -- -j16 -l16
[0.652s] DEBUG:colcon.colcon_core.event_handler.log_command:Invoking command in '/home/tm/git_ws/myrobot/build/place_nav': AMENT_PREFIX_PATH=/home/tm/git_ws/myrobot/install/myrobot_interfaces:${AMENT_PREFIX_PATH} CMAKE_PREFIX_PATH=/home/tm/git_ws/myrobot/install/myrobot_interfaces:/opt/ros/jazzy/opt/gz_launch_vendor:/opt/ros/jazzy/opt/gz_sim_vendor:/opt/ros/jazzy/opt/gz_sensors_vendor:/opt/ros/jazzy/opt/gz_physics_vendor:/opt/ros/jazzy/opt/sdformat_vendor:/opt/ros/jazzy/opt/gz_gui_vendor:/opt/ros/jazzy/opt/gz_transport_vendor:/opt/ros/jazzy/opt/gz_rendering_vendor:/opt/ros/jazzy/opt/gz_plugin_vendor:/opt/ros/jazzy/opt/gz_fuel_tools_vendor:/opt/ros/jazzy/opt/gz_msgs_vendor:/opt/ros/jazzy/opt/gz_common_vendor:/opt/ros/jazzy/opt/gz_math_vendor:/opt/ros/jazzy/opt/gz_utils_vendor:/opt/ros/jazzy/opt/gz_tools_vendor:/opt/ros/jazzy/opt/gz_ogre_next_vendor:/opt/ros/jazzy/opt/gz_dartsim_vendor:/opt/ros/jazzy/opt/gz_cmake_vendor:/opt/ros/jazzy DEBUGINFOD_URLS=https://debuginfod.ubuntu.com LD_LIBRARY_PATH=/home/tm/git_ws/myrobot/install/myrobot_interfaces/lib:${LD_LIBRARY_PATH} PYTHONPATH=/home/tm/git_ws/myrobot/install/myrobot_interfaces/lib/python3.12/site-packages:${PYTHONPATH} VIRTUAL_ENV_PROMPT=(ros) /usr/bin/cmake --install /home/tm/git_ws/myrobot/build/place_nav
[0.655s] DEBUG:colcon.colcon_core.event_handler.log_command:Invoked command in '/home/tm/git_ws/myrobot/build/myrobot_description' returned '0': CMAKE_PREFIX_PATH=${CMAKE_PREFIX_PATH}:/opt/ros/jazzy DEBUGINFOD_URLS=https://debuginfod.ubuntu.com VIRTUAL_ENV_PROMPT=(ros) /usr/bin/cmake --build /home/tm/git_ws/myrobot/build/myrobot_description -- -j16 -l16
[0.656s] DEBUG:colcon.colcon_core.event_handler.log_command:Invoking command in '/home/tm/git_ws/myrobot/build/myrobot_description': CMAKE_PREFIX_PATH=${CMAKE_PREFIX_PATH}:/opt/ros/jazzy DEBUGINFOD_URLS=https://debuginfod.ubuntu.com VIRTUAL_ENV_PROMPT=(ros) /usr/bin/cmake --install /home/tm/git_ws/myrobot/build/myrobot_description
[0.663s] Level 1:colcon.colcon_core.environment:create_environment_scripts_only(place_nav)
[0.663s] DEBUG:colcon.colcon_core.event_handler.log_command:Invoked command in '/home/tm/git_ws/myrobot/build/place_nav' returned '0': AMENT_PREFIX_PATH=/home/tm/git_ws/myrobot/install/myrobot_interfaces:${AMENT_PREFIX_PATH} CMAKE_PREFIX_PATH=/home/tm/git_ws/myrobot/install/myrobot_interfaces:/opt/ros/jazzy/opt/gz_launch_vendor:/opt/ros/jazzy/opt/gz_sim_vendor:/opt/ros/jazzy/opt/gz_sensors_vendor:/opt/ros/jazzy/opt/gz_physics_vendor:/opt/ros/jazzy/opt/sdformat_vendor:/opt/ros/jazzy/opt/gz_gui_vendor:/opt/ros/jazzy/opt/gz_transport_vendor:/opt/ros/jazzy/opt/gz_rendering_vendor:/opt/ros/jazzy/opt/gz_plugin_vendor:/opt/ros/jazzy/opt/gz_fuel_tools_vendor:/opt/ros/jazzy/opt/gz_msgs_vendor:/opt/ros/jazzy/opt/gz_common_vendor:/opt/ros/jazzy/opt/gz_math_vendor:/opt/ros/jazzy/opt/gz_utils_vendor:/opt/ros/jazzy/opt/gz_tools_vendor:/opt/ros/jazzy/opt/gz_ogre_next_vendor:/opt/ros/jazzy/opt/gz_dartsim_vendor:/opt/ros/jazzy/opt/gz_cmake_vendor:/opt/ros/jazzy DEBUGINFOD_URLS=https://debuginfod.ubuntu.com LD_LIBRARY_PATH=/home/tm/git_ws/myrobot/install/myrobot_interfaces/lib:${LD_LIBRARY_PATH} PYTHONPATH=/home/tm/git_ws/myrobot/install/myrobot_interfaces/lib/python3.12/site-packages:${PYTHONPATH} VIRTUAL_ENV_PROMPT=(ros) /usr/bin/cmake --install /home/tm/git_ws/myrobot/build/place_nav
[0.663s] Level 1:colcon.colcon_core.environment:checking '/home/tm/git_ws/myrobot/install/place_nav' for CMake module files
[0.664s] Level 1:colcon.colcon_core.environment:checking '/home/tm/git_ws/myrobot/install/place_nav' for CMake config files
[0.665s] Level 1:colcon.colcon_core.shell:create_environment_hook('place_nav', 'cmake_prefix_path')
[0.665s] INFO:colcon.colcon_core.shell:Creating environment hook '/home/tm/git_ws/myrobot/install/place_nav/share/place_nav/hook/cmake_prefix_path.ps1'
[0.665s] INFO:colcon.colcon_core.shell:Creating environment descriptor '/home/tm/git_ws/myrobot/install/place_nav/share/place_nav/hook/cmake_prefix_path.dsv'
[0.666s] INFO:colcon.colcon_core.shell:Creating environment hook '/home/tm/git_ws/myrobot/install/place_nav/share/place_nav/hook/cmake_prefix_path.sh'
[0.666s] Level 1:colcon.colcon_core.environment:checking '/home/tm/git_ws/myrobot/install/place_nav/lib'
[0.666s] Level 1:colcon.colcon_core.environment:checking '/home/tm/git_ws/myrobot/install/place_nav/bin'
[0.666s] Level 1:colcon.colcon_core.environment:checking '/home/tm/git_ws/myrobot/install/place_nav/lib/pkgconfig/place_nav.pc'
[0.666s] Level 1:colcon.colcon_core.environment:checking '/home/tm/git_ws/myrobot/install/place_nav/lib/python3.12/site-packages'
[0.666s] Level 1:colcon.colcon_core.environment:checking '/home/tm/git_ws/myrobot/install/place_nav/bin'
[0.666s] INFO:colcon.colcon_core.shell:Creating package script '/home/tm/git_ws/myrobot/install/place_nav/share/place_nav/package.ps1'
[0.667s] INFO:colcon.colcon_core.shell:Creating package descriptor '/home/tm/git_ws/myrobot/install/place_nav/share/place_nav/package.dsv'
[0.667s] INFO:colcon.colcon_core.shell:Creating package script '/home/tm/git_ws/myrobot/install/place_nav/share/place_nav/package.sh'
[0.667s] INFO:colcon.colcon_core.shell:Creating package script '/home/tm/git_ws/myrobot/install/place_nav/share/place_nav/package.bash'
[0.667s] INFO:colcon.colcon_core.shell:Creating package script '/home/tm/git_ws/myrobot/install/place_nav/share/place_nav/package.zsh'
[0.667s] Level 1:colcon.colcon_core.environment:create_file_with_runtime_dependencies(/home/tm/git_ws/myrobot/install/place_nav/share/colcon-core/packages/place_nav)
[0.668s] Level 1:colcon.colcon_core.environment:create_environment_scripts_only(place_nav)
[0.668s] Level 1:colcon.colcon_core.environment:checking '/home/tm/git_ws/myrobot/install/place_nav' for CMake module files
[0.668s] Level 1:colcon.colcon_core.environment:checking '/home/tm/git_ws/myrobot/install/place_nav' for CMake config files
[0.668s] Level 1:colcon.colcon_core.shell:create_environment_hook('place_nav', 'cmake_prefix_path')
[0.668s] INFO:colcon.colcon_core.shell:Creating environment hook '/home/tm/git_ws/myrobot/install/place_nav/share/place_nav/hook/cmake_prefix_path.ps1'
[0.668s] INFO:colcon.colcon_core.shell:Creating environment descriptor '/home/tm/git_ws/myrobot/install/place_nav/share/place_nav/hook/cmake_prefix_path.dsv'
[0.669s] INFO:colcon.colcon_core.shell:Creating environment hook '/home/tm/git_ws/myrobot/install/place_nav/share/place_nav/hook/cmake_prefix_path.sh'
[0.669s] Level 1:colcon.colcon_core.environment:checking '/home/tm/git_ws/myrobot/install/place_nav/lib'
[0.669s] Level 1:colcon.colcon_core.environment:checking '/home/tm/git_ws/myrobot/install/place_nav/bin'
[0.669s] Level 1:colcon.colcon_core.environment:checking '/home/tm/git_ws/myrobot/install/place_nav/lib/pkgconfig/place_nav.pc'
[0.669s] Level 1:colcon.colcon_core.environment:checking '/home/tm/git_ws/myrobot/install/place_nav/lib/python3.12/site-packages'
[0.670s] Level 1:colcon.colcon_core.environment:checking '/home/tm/git_ws/myrobot/install/place_nav/bin'
[0.670s] INFO:colcon.colcon_core.shell:Creating package script '/home/tm/git_ws/myrobot/install/place_nav/share/place_nav/package.ps1'
[0.670s] INFO:colcon.colcon_core.shell:Creating package descriptor '/home/tm/git_ws/myrobot/install/place_nav/share/place_nav/package.dsv'
[0.671s] INFO:colcon.colcon_core.shell:Creating package script '/home/tm/git_ws/myrobot/install/place_nav/share/place_nav/package.sh'
[0.671s] INFO:colcon.colcon_core.shell:Creating package script '/home/tm/git_ws/myrobot/install/place_nav/share/place_nav/package.bash'
[0.671s] INFO:colcon.colcon_core.shell:Creating package script '/home/tm/git_ws/myrobot/install/place_nav/share/place_nav/package.zsh'
[0.672s] Level 1:colcon.colcon_core.environment:create_file_with_runtime_dependencies(/home/tm/git_ws/myrobot/install/place_nav/share/colcon-core/packages/place_nav)
[0.672s] Level 1:colcon.colcon_core.environment:create_environment_scripts_only(myrobot_description)
[0.673s] Level 1:colcon.colcon_core.environment:checking '/home/tm/git_ws/myrobot/install/myrobot_description' for CMake module files
[0.673s] DEBUG:colcon.colcon_core.event_handler.log_command:Invoked command in '/home/tm/git_ws/myrobot/build/myrobot_description' returned '0': CMAKE_PREFIX_PATH=${CMAKE_PREFIX_PATH}:/opt/ros/jazzy DEBUGINFOD_URLS=https://debuginfod.ubuntu.com VIRTUAL_ENV_PROMPT=(ros) /usr/bin/cmake --install /home/tm/git_ws/myrobot/build/myrobot_description
[0.673s] Level 1:colcon.colcon_core.environment:checking '/home/tm/git_ws/myrobot/install/myrobot_description' for CMake config files
[0.673s] Level 1:colcon.colcon_core.shell:create_environment_hook('myrobot_description', 'cmake_prefix_path')
[0.674s] INFO:colcon.colcon_core.shell:Creating environment hook '/home/tm/git_ws/myrobot/install/myrobot_description/share/myrobot_description/hook/cmake_prefix_path.ps1'
[0.674s] INFO:colcon.colcon_core.shell:Creating environment descriptor '/home/tm/git_ws/myrobot/install/myrobot_description/share/myrobot_description/hook/cmake_prefix_path.dsv'
[0.674s] INFO:colcon.colcon_core.shell:Creating environment hook '/home/tm/git_ws/myrobot/install/myrobot_description/share/myrobot_description/hook/cmake_prefix_path.sh'
[0.674s] Level 1:colcon.colcon_core.environment:checking '/home/tm/git_ws/myrobot/install/myrobot_description/bin'
[0.674s] Level 1:colcon.colcon_core.environment:checking '/home/tm/git_ws/myrobot/install/myrobot_description/lib/pkgconfig/myrobot_description.pc'
[0.674s] Level 1:colcon.colcon_core.environment:checking '/home/tm/git_ws/myrobot/install/myrobot_description/lib/python3.12/site-packages'
[0.675s] Level 1:colcon.colcon_core.environment:checking '/home/tm/git_ws/myrobot/install/myrobot_description/bin'
[0.675s] INFO:colcon.colcon_core.shell:Creating package script '/home/tm/git_ws/myrobot/install/myrobot_description/share/myrobot_description/package.ps1'
[0.675s] INFO:colcon.colcon_core.shell:Creating package descriptor '/home/tm/git_ws/myrobot/install/myrobot_description/share/myrobot_description/package.dsv'
[0.675s] INFO:colcon.colcon_core.shell:Creating package script '/home/tm/git_ws/myrobot/install/myrobot_description/share/myrobot_description/package.sh'
[0.675s] INFO:colcon.colcon_core.shell:Creating package script '/home/tm/git_ws/myrobot/install/myrobot_description/share/myrobot_description/package.bash'
[0.675s] INFO:colcon.colcon_core.shell:Creating package script '/home/tm/git_ws/myrobot/install/myrobot_description/share/myrobot_description/package.zsh'
[0.676s] Level 1:colcon.colcon_core.environment:create_file_with_runtime_dependencies(/home/tm/git_ws/myrobot/install/myrobot_description/share/colcon-core/packages/myrobot_description)
[0.676s] Level 1:colcon.colcon_core.environment:create_environment_scripts_only(myrobot_description)
[0.676s] Level 1:colcon.colcon_core.environment:checking '/home/tm/git_ws/myrobot/install/myrobot_description' for CMake module files
[0.676s] Level 1:colcon.colcon_core.environment:checking '/home/tm/git_ws/myrobot/install/myrobot_description' for CMake config files
[0.676s] Level 1:colcon.colcon_core.shell:create_environment_hook('myrobot_description', 'cmake_prefix_path')
[0.676s] INFO:colcon.colcon_core.shell:Creating environment hook '/home/tm/git_ws/myrobot/install/myrobot_description/share/myrobot_description/hook/cmake_prefix_path.ps1'
[0.676s] INFO:colcon.colcon_core.shell:Creating environment descriptor '/home/tm/git_ws/myrobot/install/myrobot_description/share/myrobot_description/hook/cmake_prefix_path.dsv'
[0.677s] INFO:colcon.colcon_core.shell:Creating environment hook '/home/tm/git_ws/myrobot/install/myrobot_description/share/myrobot_description/hook/cmake_prefix_path.sh'
[0.677s] Level 1:colcon.colcon_core.environment:checking '/home/tm/git_ws/myrobot/install/myrobot_description/bin'
[0.677s] Level 1:colcon.colcon_core.environment:checking '/home/tm/git_ws/myrobot/install/myrobot_description/lib/pkgconfig/myrobot_description.pc'
[0.677s] Level 1:colcon.colcon_core.environment:checking '/home/tm/git_ws/myrobot/install/myrobot_description/lib/python3.12/site-packages'
[0.677s] Level 1:colcon.colcon_core.environment:checking '/home/tm/git_ws/myrobot/install/myrobot_description/bin'
[0.677s] INFO:colcon.colcon_core.shell:Creating package script '/home/tm/git_ws/myrobot/install/myrobot_description/share/myrobot_description/package.ps1'
[0.678s] INFO:colcon.colcon_core.shell:Creating package descriptor '/home/tm/git_ws/myrobot/install/myrobot_description/share/myrobot_description/package.dsv'
[0.678s] INFO:colcon.colcon_core.shell:Creating package script '/home/tm/git_ws/myrobot/install/myrobot_description/share/myrobot_description/package.sh'
[0.678s] INFO:colcon.colcon_core.shell:Creating package script '/home/tm/git_ws/myrobot/install/myrobot_description/share/myrobot_description/package.bash'
[0.678s] INFO:colcon.colcon_core.shell:Creating package script '/home/tm/git_ws/myrobot/install/myrobot_description/share/myrobot_description/package.zsh'
[0.679s] Level 1:colcon.colcon_core.environment:create_file_with_runtime_dependencies(/home/tm/git_ws/myrobot/install/myrobot_description/share/colcon-core/packages/myrobot_description)
[0.847s] DEBUG:colcon.colcon_core.event_handler.log_command:Invoking command in '/home/tm/git_ws/myrobot/src/my_odom_pkg': DEBUGINFOD_URLS=https://debuginfod.ubuntu.com PYTHONPATH=/home/tm/git_ws/myrobot/build/my_odom_pkg/prefix_override:/usr/lib/python3/dist-packages/colcon_core/task/python/colcon_distutils_commands:/home/tm/git_ws/myrobot/install/my_odom_pkg/lib/python3.12/site-packages:${PYTHONPATH} VIRTUAL_ENV_PROMPT=(ros) /usr/bin/python3 -W ignore:setup.py install is deprecated -W ignore:easy_install command is deprecated setup.py egg_info --egg-base ../../build/my_odom_pkg build --build-base /home/tm/git_ws/myrobot/build/my_odom_pkg/build install --record /home/tm/git_ws/myrobot/build/my_odom_pkg/install.log --single-version-externally-managed install_data
[1.249s] Level 1:colcon.colcon_core.environment:checking '/home/tm/git_ws/myrobot/install/my_odom_pkg' for CMake module files
[1.250s] DEBUG:colcon.colcon_core.event_handler.log_command:Invoked command in '/home/tm/git_ws/myrobot/src/my_odom_pkg' returned '0': DEBUGINFOD_URLS=https://debuginfod.ubuntu.com PYTHONPATH=/home/tm/git_ws/myrobot/build/my_odom_pkg/prefix_override:/usr/lib/python3/dist-packages/colcon_core/task/python/colcon_distutils_commands:/home/tm/git_ws/myrobot/install/my_odom_pkg/lib/python3.12/site-packages:${PYTHONPATH} VIRTUAL_ENV_PROMPT=(ros) /usr/bin/python3 -W ignore:setup.py install is deprecated -W ignore:easy_install command is deprecated setup.py egg_info --egg-base ../../build/my_odom_pkg build --build-base /home/tm/git_ws/myrobot/build/my_odom_pkg/build install --record /home/tm/git_ws/myrobot/build/my_odom_pkg/install.log --single-version-externally-managed install_data
[1.250s] Level 1:colcon.colcon_core.environment:checking '/home/tm/git_ws/myrobot/install/my_odom_pkg' for CMake config files
[1.250s] Level 1:colcon.colcon_core.environment:checking '/home/tm/git_ws/myrobot/install/my_odom_pkg/lib'
[1.250s] Level 1:colcon.colcon_core.environment:checking '/home/tm/git_ws/myrobot/install/my_odom_pkg/bin'
[1.250s] Level 1:colcon.colcon_core.environment:checking '/home/tm/git_ws/myrobot/install/my_odom_pkg/lib/pkgconfig/my_odom_pkg.pc'
[1.250s] Level 1:colcon.colcon_core.environment:checking '/home/tm/git_ws/myrobot/install/my_odom_pkg/lib/python3.12/site-packages'
[1.251s] Level 1:colcon.colcon_core.shell:create_environment_hook('my_odom_pkg', 'pythonpath')
[1.251s] INFO:colcon.colcon_core.shell:Creating environment hook '/home/tm/git_ws/myrobot/install/my_odom_pkg/share/my_odom_pkg/hook/pythonpath.ps1'
[1.251s] INFO:colcon.colcon_core.shell:Creating environment descriptor '/home/tm/git_ws/myrobot/install/my_odom_pkg/share/my_odom_pkg/hook/pythonpath.dsv'
[1.251s] INFO:colcon.colcon_core.shell:Creating environment hook '/home/tm/git_ws/myrobot/install/my_odom_pkg/share/my_odom_pkg/hook/pythonpath.sh'
[1.252s] Level 1:colcon.colcon_core.environment:checking '/home/tm/git_ws/myrobot/install/my_odom_pkg/bin'
[1.252s] Level 1:colcon.colcon_core.environment:create_environment_scripts_only(my_odom_pkg)
[1.252s] INFO:colcon.colcon_core.shell:Creating package script '/home/tm/git_ws/myrobot/install/my_odom_pkg/share/my_odom_pkg/package.ps1'
[1.252s] INFO:colcon.colcon_core.shell:Creating package descriptor '/home/tm/git_ws/myrobot/install/my_odom_pkg/share/my_odom_pkg/package.dsv'
[1.252s] INFO:colcon.colcon_core.shell:Creating package script '/home/tm/git_ws/myrobot/install/my_odom_pkg/share/my_odom_pkg/package.sh'
[1.252s] INFO:colcon.colcon_core.shell:Creating package script '/home/tm/git_ws/myrobot/install/my_odom_pkg/share/my_odom_pkg/package.bash'
[1.253s] INFO:colcon.colcon_core.shell:Creating package script '/home/tm/git_ws/myrobot/install/my_odom_pkg/share/my_odom_pkg/package.zsh'
[1.253s] Level 1:colcon.colcon_core.environment:create_file_with_runtime_dependencies(/home/tm/git_ws/myrobot/install/my_odom_pkg/share/colcon-core/packages/my_odom_pkg)
[1.253s] DEBUG:colcon.colcon_parallel_executor.executor.parallel:closing loop
[1.253s] DEBUG:colcon.colcon_parallel_executor.executor.parallel:loop closed
[1.253s] DEBUG:colcon.colcon_parallel_executor.executor.parallel:run_until_complete finished with '0'
[1.253s] DEBUG:colcon.colcon_core.event_reactor:joining thread
[1.258s] INFO:colcon.colcon_core.plugin_system:Skipping extension 'colcon_notification.desktop_notification.terminal_notifier': Not used on non-Darwin systems
[1.258s] INFO:colcon.colcon_core.plugin_system:Skipping extension 'colcon_notification.desktop_notification.win32': Not used on non-Windows systems
[1.258s] INFO:colcon.colcon_notification.desktop_notification:Sending desktop notification using 'notify2'
[1.273s] DEBUG:colcon.colcon_core.event_reactor:joined thread
[1.274s] INFO:colcon.colcon_core.shell:Creating prefix script '/home/tm/git_ws/myrobot/install/local_setup.ps1'
[1.274s] INFO:colcon.colcon_core.shell:Creating prefix util module '/home/tm/git_ws/myrobot/install/_local_setup_util_ps1.py'
[1.275s] INFO:colcon.colcon_core.shell:Creating prefix chain script '/home/tm/git_ws/myrobot/install/setup.ps1'
[1.275s] INFO:colcon.colcon_core.shell:Creating prefix script '/home/tm/git_ws/myrobot/install/local_setup.sh'
[1.276s] INFO:colcon.colcon_core.shell:Creating prefix util module '/home/tm/git_ws/myrobot/install/_local_setup_util_sh.py'
[1.276s] INFO:colcon.colcon_core.shell:Creating prefix chain script '/home/tm/git_ws/myrobot/install/setup.sh'
[1.277s] INFO:colcon.colcon_core.shell:Creating prefix script '/home/tm/git_ws/myrobot/install/local_setup.bash'
[1.277s] INFO:colcon.colcon_core.shell:Creating prefix chain script '/home/tm/git_ws/myrobot/install/setup.bash'
[1.277s] INFO:colcon.colcon_core.shell:Creating prefix script '/home/tm/git_ws/myrobot/install/local_setup.zsh'
[1.278s] INFO:colcon.colcon_core.shell:Creating prefix chain script '/home/tm/git_ws/myrobot/install/setup.zsh'
